USERNAME,DATE,STARTTIME,MINUTESASLEEP,MINUTESAWAKE,TIMEINBED
A01,2016-04-01,02:39:00,485,26,511
A01,2016-04-02,02:09:00,512,37,549
A01,2016-04-04,01:52:30,335,11,346
A01,2016-04-05,02:04:00,311,24,335
A01,2016-04-06,01:49:00,491,59,551
A01,2016-04-07,01:08:30,361,32,393
A01,2016-04-08,01:50:00,338,6,344
A01,2016-04-09,01:47:30,612,33,645
A01,2016-04-10,03:00:00,452,54,512
A01,2016-04-11,01:12:00,357,36,393
A01,2016-04-12,00:24:30,413,26,439
A01,2016-04-13,04:27:30,414,19,433
A01,2016-04-14,01:24:00,351,31,382
A01,2016-04-15,01:07:30,91,0,91
A01,2016-04-16,01:47:00,367,11,379
A01,2016-04-17,15:44:30,193,24,222
A01,2016-04-19,12:21:00,134,13,147
A01,2016-04-20,03:58:30,255,22,277
A01,2016-04-21,00:10:00,401,29,430
A01,2016-04-22,04:11:00,217,13,230
A01,2016-04-23,03:48:30,389,35,424
A01,2016-04-25,03:46:30,483,46,530
A01,2016-04-26,04:43:00,424,34,458
A01,2016-04-27,04:41:30,413,23,436
A01,2016-05-02,02:29:00,320,33,353
A01,2016-05-06,02:09:00,471,72,551
A01,2016-05-18,02:13:30,490,26,520
A01,2016-05-19,01:32:30,318,46,364
A02,2016-04-01,01:35:00,419,36,455
A02,2016-04-02,04:11:30,356,13,373
A02,2016-04-04,04:51:00,374,24,398
A02,2016-04-05,02:44:30,339,34,374
A02,2016-04-07,01:45:30,439,50,489
A02,2016-04-08,02:08:30,369,31,400
A02,2016-04-09,02:45:00,429,36,472
A02,2016-04-10,22:55:00,63,4,67
A02,2016-04-12,13:22:00,132,4,136
A02,2016-04-13,06:26:00,302,10,312
A02,2016-04-14,03:45:30,383,27,410
A02,2016-04-16,04:24:00,129,15,144
A02,2016-04-17,04:42:00,151,10,161
A02,2016-04-18,04:06:00,553,54,607
A02,2016-04-21,01:29:00,452,50,503
A02,2016-04-26,04:06:00,267,30,303
A02,2016-04-28,06:05:30,92,5,99
A02,2016-05-06,00:33:30,624,105,729
A02,2016-05-07,03:20:00,389,63,458
A02,2016-05-12,02:30:00,394,61,455
A02,2016-05-13,23:25:00,444,106,555
A02,2016-05-15,15:54:30,58,4,62
A03,2016-04-01,03:39:30,430,11,448
A03,2016-04-02,11:07:00,151,12,163
A03,2016-04-04,02:08:00,520,20,540
A03,2016-04-05,03:08:30,423,11,438
A03,2016-04-06,03:46:00,389,9,398
A03,2016-04-07,01:37:30,397,20,417
A03,2016-04-08,02:35:00,443,21,464
A03,2016-04-09,02:18:30,460,62,525
A03,2016-04-10,03:27:00,339,6,345
A03,2016-04-11,00:24:30,387,13,400
A03,2016-04-12,00:33:30,407,5,412
A03,2016-04-13,02:24:00,323,13,336
A03,2016-04-14,03:06:30,336,28,368
A03,2016-04-15,02:11:00,352,10,362
A03,2016-04-16,02:41:30,311,19,331
A03,2016-04-17,21:30:30,306,24,330
A03,2016-04-18,01:45:00,470,9,479
A03,2016-04-19,01:26:00,391,12,404
A03,2016-04-20,03:14:30,398,19,417
A03,2016-04-21,03:06:00,355,17,372
A03,2016-04-22,02:35:30,395,17,419
A03,2016-04-23,03:57:30,292,23,315
A03,2016-04-24,21:50:30,334,39,373
A03,2016-04-25,00:33:00,505,4,510
A03,2016-04-26,03:20:00,331,9,340
A03,2016-04-27,03:12:30,272,20,295
A03,2016-04-29,19:44:00,716,29,747
A03,2016-04-30,02:09:00,284,9,293
A03,2016-05-02,00:23:30,411,9,420
A03,2016-05-03,03:29:00,260,12,272
A03,2016-05-04,03:27:00,246,3,252
A03,2016-05-05,01:38:00,471,56,536
A03,2016-05-06,00:47:30,534,10,552
A03,2016-05-07,03:44:30,397,28,434
A03,2016-05-09,00:31:30,480,29,513
A03,2016-05-10,02:33:30,390,34,424
A03,2016-05-11,02:46:00,424,10,442
A03,2016-05-12,01:40:30,315,6,322
A03,2016-05-13,00:32:30,430,17,452
A03,2016-05-14,01:02:30,432,18,450
A03,2016-05-15,00:36:00,339,16,355
A03,2016-05-16,02:38:00,511,41,552
A03,2016-05-17,00:51:00,441,33,479
A03,2016-05-18,03:28:30,455,13,469
A03,2016-05-19,03:04:00,353,13,366
A03,2016-05-20,01:41:00,481,16,497
A04,2016-04-01,04:06:00,353,27,383
A04,2016-04-02,06:28:30,234,6,241
A04,2016-04-04,04:23:00,270,11,281
A04,2016-04-05,01:49:00,357,15,373
A04,2016-04-06,01:07:00,459,14,473
A04,2016-04-07,03:55:00,317,8,325
A04,2016-04-08,04:23:00,361,9,370
A04,2016-04-09,03:58:00,331,15,354
A04,2016-04-10,01:11:00,510,41,551
A04,2016-04-11,03:57:00,73,6,79
A04,2016-04-12,21:29:00,562,42,604
A04,2016-04-13,04:39:00,277,22,299
A04,2016-04-14,06:38:00,92,24,119
A04,2016-04-15,03:47:00,278,23,301
A04,2016-04-16,03:28:00,341,17,359
A04,2016-04-18,04:13:00,245,15,266
A04,2016-04-19,01:58:30,391,10,401
A04,2016-04-20,03:55:30,299,15,317
A04,2016-04-21,02:30:00,398,39,437
A04,2016-04-22,03:55:00,328,19,347
A04,2016-04-23,02:31:00,341,16,358
A04,2016-04-24,01:10:30,428,23,451
A04,2016-04-25,03:43:00,274,24,298
A04,2016-04-26,03:04:00,320,6,326
A04,2016-04-27,04:12:00,145,13,159
A04,2016-04-28,03:43:00,331,34,365
A04,2016-04-29,02:56:00,332,25,364
A04,2016-04-30,04:40:00,304,17,326
A04,2016-05-01,00:39:00,429,62,512
A04,2016-05-02,05:37:30,192,2,196
A04,2016-05-03,02:34:30,373,18,391
A04,2016-05-04,02:00:00,430,13,444
A04,2016-05-05,02:35:00,341,29,370
A04,2016-05-06,02:14:00,422,39,461
A04,2016-05-07,00:55:30,231,24,255
A04,2016-05-08,03:33:00,339,53,392
A04,2016-05-09,03:18:00,276,22,299
A04,2016-05-10,00:16:00,144,24,168
A04,2016-05-11,00:55:00,239,32,271
A04,2016-05-12,03:18:00,249,51,310
A04,2016-05-13,04:55:00,352,35,387
A04,2016-05-14,02:40:00,366,23,389
A04,2016-05-15,01:03:00,403,35,453
A04,2016-05-16,04:36:00,229,37,266
A04,2016-05-17,01:30:00,432,46,478
A04,2016-05-18,02:02:00,407,12,428
A04,2016-05-19,05:14:00,257,22,287
A04,2016-05-20,04:50:00,223,20,243
A05,2016-04-01,01:25:00,341,41,382
A05,2016-04-02,20:54:30,308,50,365
A05,2016-04-06,00:19:00,400,46,446
A05,2016-04-10,01:29:30,323,26,349
A05,2016-04-11,00:36:00,399,77,476
A05,2016-04-12,00:19:00,443,38,481
A05,2016-04-13,00:34:30,435,52,488
A06,2016-04-01,03:11:00,232,6,238
A06,2016-04-02,03:38:30,238,24,263
A06,2016-04-04,04:04:30,344,19,363
A06,2016-04-05,04:13:30,167,18,185
A06,2016-04-06,03:55:00,219,27,246
A06,2016-04-07,06:56:00,146,8,154
A06,2016-04-08,02:44:00,560,43,606
A06,2016-04-09,02:46:00,109,7,116
A06,2016-04-10,01:28:00,492,64,556
A06,2016-04-11,04:12:00,281,38,320
A06,2016-04-12,03:39:00,333,19,355
A06,2016-04-13,08:15:30,181,9,190
A06,2016-04-14,04:15:00,285,31,316
A06,2016-04-15,02:31:00,466,30,496
A06,2016-04-16,03:04:00,217,15,233
A06,2016-04-17,04:48:00,422,21,443
A06,2016-04-18,02:49:30,92,11,103
A06,2016-04-19,07:38:00,106,9,116
A06,2016-04-20,04:00:00,278,35,313
A06,2016-04-21,00:36:30,462,35,497
A06,2016-04-22,01:22:00,495,41,536
A06,2016-04-23,03:50:30,367,33,400
A06,2016-04-24,04:02:00,399,22,421
A06,2016-04-25,03:22:00,338,24,362
A06,2016-04-26,03:19:00,365,39,404
A06,2016-04-27,04:42:30,264,14,278
A06,2016-04-28,05:09:30,253,21,274
A06,2016-04-29,05:40:30,207,30,237
A06,2016-04-30,01:34:30,394,36,435
A06,2016-05-01,04:46:00,265,29,294
A06,2016-05-02,04:27:00,401,43,444
A06,2016-05-03,03:35:00,342,41,383
A06,2016-05-04,03:23:30,274,23,297
A06,2016-05-05,04:08:30,341,19,363
A06,2016-05-06,02:18:00,229,36,265
A06,2016-05-07,23:05:00,548,41,589
A06,2016-05-08,23:20:00,598,19,622
A06,2016-05-09,03:38:30,330,38,368
A06,2016-05-10,03:32:30,311,25,336
A06,2016-05-11,03:32:00,281,36,317
A06,2016-05-12,05:08:00,230,19,249
A06,2016-05-13,00:40:30,99,13,112
A06,2016-05-14,04:15:00,425,46,471
A06,2016-05-15,06:25:30,287,36,323
A06,2016-05-16,03:03:00,345,25,370
A06,2016-05-17,03:45:30,351,39,390
A06,2016-05-18,00:57:30,454,40,494
A06,2016-05-19,01:37:30,378,40,418
A06,2016-05-20,02:04:00,488,44,536
A07,2016-04-01,03:22:00,371,26,397
A07,2016-04-02,03:42:30,351,22,382
A07,2016-04-04,02:23:00,359,27,386
A07,2016-04-05,01:54:30,350,44,399
A07,2016-04-06,01:43:00,352,15,369
A07,2016-04-07,02:23:00,367,40,408
A07,2016-04-08,02:41:30,358,50,414
A07,2016-04-09,01:50:00,382,23,407
A07,2016-04-10,01:22:00,519,56,575
A07,2016-04-11,01:51:00,366,38,406
A07,2016-04-12,02:23:00,340,41,382
A07,2016-04-13,03:19:00,382,49,439
A07,2016-04-14,02:08:00,375,34,409
A07,2016-04-15,02:37:30,150,18,168
A07,2016-04-16,03:02:30,413,35,448
A07,2016-04-17,02:45:30,443,36,487
A07,2016-04-18,02:52:30,340,10,354
A07,2016-04-19,01:51:00,361,51,412
A07,2016-04-20,03:00:00,382,37,419
A07,2016-04-21,03:05:00,366,45,427
A07,2016-04-22,03:06:30,453,53,510
A07,2016-04-23,03:11:00,367,47,417
A07,2016-04-24,02:59:30,430,23,454
A07,2016-04-25,02:40:00,343,21,364
A07,2016-04-26,02:26:00,561,39,600
A07,2016-04-27,03:17:00,271,19,291
A07,2016-04-28,03:27:30,280,16,296
A07,2016-04-29,03:53:00,434,24,458
A07,2016-04-30,02:44:30,526,18,547
A07,2016-05-01,02:40:00,487,25,512
A07,2016-05-02,03:07:00,326,16,342
A07,2016-05-03,02:20:00,529,53,589
A07,2016-05-04,03:27:30,259,33,292
A07,2016-05-05,02:29:00,523,54,578
A07,2016-05-06,02:47:00,504,35,542
A07,2016-05-07,03:32:30,297,45,343
A07,2016-05-08,03:45:00,281,18,300
A07,2016-05-09,01:31:00,540,37,577
A07,2016-05-10,01:58:00,435,75,514
A07,2016-05-11,03:16:30,363,34,408
A07,2016-05-12,02:38:00,410,23,433
A07,2016-05-13,02:02:00,512,36,548
A07,2016-05-14,02:28:30,384,15,399
A07,2016-05-15,01:41:00,366,27,396
A07,2016-05-16,03:08:00,388,49,437
A07,2016-05-17,02:53:00,308,29,337
A07,2016-05-18,02:12:30,355,9,365
A07,2016-05-19,02:57:30,388,48,436
A07,2016-05-20,03:42:00,441,53,494
A08,2016-04-01,01:17:30,482,30,512
A08,2016-04-02,03:14:30,444,47,492
A08,2016-04-04,04:22:00,188,10,198
A08,2016-04-05,02:08:00,328,45,373
A08,2016-04-06,03:27:00,365,25,396
A08,2016-04-07,00:31:30,397,35,432
A08,2016-04-08,01:32:30,348,18,373
A08,2016-04-09,02:20:30,501,60,561
A08,2016-04-10,21:27:30,578,79,661
A08,2016-04-11,01:58:00,306,34,340
A08,2016-04-12,01:35:00,341,22,363
A08,2016-04-13,02:08:00,338,27,365
A08,2016-04-14,02:29:00,274,27,307
A08,2016-04-15,01:21:00,342,37,379
A08,2016-04-16,03:04:00,349,46,395
A08,2016-04-17,02:07:00,250,27,278
A08,2016-04-18,00:25:30,413,18,436
A08,2016-04-19,23:37:00,463,63,526
A08,2016-04-20,00:10:00,488,28,517
A08,2016-04-21,00:29:00,414,19,433
A08,2016-04-22,00:57:30,343,46,389
A08,2016-04-23,04:39:00,432,34,472
A08,2016-04-24,03:58:00,470,17,495
A08,2016-04-25,04:46:30,300,10,310
A08,2016-04-26,02:59:00,331,21,356
A08,2016-04-27,03:55:00,315,48,363
A08,2016-04-28,06:01:00,118,9,128
A08,2016-04-29,00:57:00,592,28,620
A08,2016-04-30,01:49:00,507,33,540
A08,2016-05-01,00:09:00,563,53,617
A08,2016-05-02,03:42:00,241,13,254
A08,2016-05-03,00:15:00,475,30,505
A08,2016-05-04,03:33:00,352,39,391
A08,2016-05-05,04:53:30,306,31,340
A08,2016-05-06,01:21:00,524,52,576
A08,2016-05-07,02:49:30,398,42,440
A08,2016-05-08,03:36:30,348,4,352
A08,2016-05-09,05:29:30,214,7,221
A08,2016-05-10,00:29:00,461,36,497
A08,2016-05-11,01:53:30,366,61,428
A08,2016-05-12,02:57:30,281,10,291
A08,2016-05-13,00:45:30,413,22,436
A08,2016-05-14,00:01:00,545,30,575
A08,2016-05-16,03:00:30,402,19,421
A08,2016-05-17,03:16:00,329,10,339
A08,2016-05-18,02:36:00,362,24,387
A08,2016-05-19,02:54:00,289,8,298
A08,2016-05-20,01:23:00,358,29,387
A010,2016-04-01,00:31:00,470,26,496
A010,2016-04-02,02:32:00,475,18,493
A010,2016-04-05,03:14:00,239,2,241
A010,2016-04-06,23:56:00,483,19,503
A010,2016-04-07,02:07:00,432,18,457
A010,2016-04-08,01:03:30,508,9,517
A010,2016-04-09,02:08:30,393,12,412
A010,2016-04-10,01:35:00,455,16,476
A010,2016-04-11,00:00:00,598,17,615
A010,2016-04-12,02:44:30,292,15,310
A010,2016-04-13,02:50:30,305,5,310
A010,2016-04-15,00:18:00,566,19,585
A010,2016-04-16,00:22:00,559,16,575
A010,2016-04-17,01:25:30,417,2,422
A010,2016-04-18,23:29:30,568,43,616
A010,2016-04-19,00:56:00,271,5,276
A010,2016-04-20,04:15:00,192,6,199
A010,2016-04-21,00:50:30,520,5,525
A010,2016-04-22,01:46:00,421,1,436
A010,2016-04-23,01:31:00,426,6,438
A010,2016-04-24,01:14:00,451,2,461
A010,2016-04-25,00:23:00,457,16,473
A010,2016-04-26,01:05:00,374,4,381
A010,2016-04-27,01:14:00,443,10,453
A010,2016-04-28,00:49:00,476,15,491
A010,2016-04-29,00:22:30,587,45,633
A010,2016-04-30,00:17:30,583,13,596
A010,2016-05-01,01:30:00,290,6,296
A010,2016-05-02,01:27:30,405,16,421
A010,2016-05-03,00:26:30,422,6,435
A010,2016-05-04,02:14:30,326,20,355
A010,2016-05-05,01:59:30,406,11,417
A010,2016-05-06,23:10:30,87,9,96
A010,2016-05-07,01:06:30,416,9,430
A010,2016-05-08,01:52:30,318,10,329
A010,2016-05-09,22:44:00,590,26,616
A010,2016-05-10,03:12:00,229,3,232
A010,2016-05-11,01:31:30,131,1,132
A010,2016-05-12,00:42:00,471,14,486
A010,2016-05-14,01:18:00,304,16,320
A010,2016-05-15,23:43:00,613,4,625
A010,2016-05-16,00:28:00,534,51,585
A010,2016-05-17,00:45:00,419,6,425
A010,2016-05-19,00:49:00,531,16,547
A010,2016-05-20,01:56:00,480,24,504
A016,2016-04-01,04:43:00,308,4,312
A016,2016-04-02,03:09:00,142,10,152
A016,2016-04-04,07:16:00,139,12,151
A016,2016-04-05,02:15:00,428,14,442
A016,2016-04-06,02:46:00,228,20,248
A016,2016-04-07,03:22:00,306,25,337
A016,2016-04-08,01:35:00,383,10,394
A016,2016-04-09,03:00:30,417,9,435
A016,2016-04-11,05:18:00,174,10,184
A016,2016-04-12,02:54:00,391,14,405
A016,2016-04-13,08:27:30,229,15,244
A016,2016-04-14,01:29:00,277,18,295
A016,2016-04-15,02:52:00,173,0,178
A016,2016-04-16,01:00:30,454,21,476
A016,2016-04-18,06:09:00,187,33,220
A016,2016-04-20,13:19:30,162,5,167
A016,2016-04-24,06:51:00,370,7,377
A016,2016-04-25,03:27:30,230,24,255
A016,2016-05-04,11:05:00,959,0,960
A016,2016-05-06,19:40:30,121,1,122
A017,2016-04-01,02:21:00,169,32,201
A017,2016-04-02,03:22:00,307,27,334
A017,2016-04-04,01:15:00,354,54,410
A017,2016-04-05,01:04:00,381,37,419
A017,2016-04-06,22:24:00,557,19,576
A017,2016-04-07,23:45:30,450,47,497
A017,2016-04-08,23:58:00,451,35,488
A017,2016-04-09,04:29:00,283,23,306
A017,2016-04-10,23:56:30,537,67,604
A017,2016-04-11,03:40:00,257,5,268
A017,2016-04-12,01:38:00,362,21,386
A017,2016-04-13,04:37:00,345,21,366
A017,2016-04-14,05:53:00,109,19,128
A017,2016-04-15,03:24:00,251,26,277
A017,2016-04-16,00:43:00,436,69,505
A017,2016-04-17,05:52:00,361,21,382
A017,2016-04-18,01:43:00,353,24,377
A017,2016-04-19,00:47:00,398,29,427
A017,2016-04-20,04:41:00,252,16,274
A017,2016-04-21,23:09:00,487,49,539
A017,2016-04-22,03:16:00,275,32,307
A017,2016-04-23,02:14:00,364,27,392
A017,2016-04-24,03:18:00,415,18,450
A017,2016-04-25,03:03:00,280,21,304
A017,2016-04-26,01:53:00,330,42,376
A017,2016-04-27,20:25:00,185,4,191
A017,2016-04-28,04:18:00,188,9,197
A017,2016-04-29,00:48:00,405,28,433
A017,2016-04-30,00:42:00,292,31,323
A017,2016-05-01,22:39:00,417,45,462
A017,2016-05-02,03:06:00,218,17,237
A017,2016-05-03,19:03:30,331,40,371
A017,2016-05-04,00:47:00,384,45,429
A017,2016-05-05,01:39:00,337,16,353
A017,2016-05-06,23:16:00,359,21,380
A017,2016-05-07,05:24:00,228,28,256
A017,2016-05-08,00:54:30,362,13,381
A017,2016-05-09,01:49:00,221,37,258
A017,2016-05-10,21:51:00,509,55,564
A017,2016-05-11,23:30:30,440,57,497
A017,2016-05-12,23:15:00,472,28,500
A017,2016-05-13,03:10:30,277,19,296
A017,2016-05-14,00:10:00,408,31,439
A017,2016-05-15,03:20:00,390,44,434
A017,2016-05-16,03:48:00,234,26,261
A017,2016-05-17,00:27:00,399,54,453
A017,2016-05-18,02:41:00,361,20,382
A017,2016-05-19,02:10:00,321,36,358
A017,2016-05-20,01:48:00,345,38,384
A018,2016-04-01,02:47:00,343,15,358
A018,2016-04-02,15:19:30,197,13,210
A018,2016-04-04,01:22:30,441,41,492
A018,2016-04-05,02:08:30,86,8,94
A018,2016-04-06,03:01:00,253,4,257
A018,2016-04-07,02:17:00,223,20,243
A018,2016-04-08,03:03:00,207,13,220
A018,2016-04-09,02:32:00,446,17,463
A018,2016-04-10,01:46:00,538,58,596
A018,2016-04-11,00:23:00,362,34,396
A018,2016-04-12,02:52:00,381,23,404
A018,2016-04-13,00:27:00,209,6,216
A018,2016-04-14,02:18:00,441,22,463
A018,2016-04-15,03:16:00,247,3,251
A018,2016-04-16,02:18:00,500,23,524
A018,2016-04-17,02:57:00,448,41,489
A018,2016-04-18,02:31:00,502,26,534
A018,2016-04-19,02:45:30,432,54,487
A018,2016-04-20,03:03:30,398,49,453
A018,2016-04-21,08:08:30,217,36,254
A018,2016-04-22,07:02:00,99,17,116
A018,2016-04-23,06:20:00,54,8,63
A018,2016-04-24,01:27:00,753,64,817
A018,2016-04-27,02:50:00,316,31,361
A018,2016-04-28,05:49:00,410,18,432
A018,2016-04-29,02:57:00,428,16,444
A018,2016-04-30,05:00:00,388,61,449
A018,2016-05-01,03:06:00,566,35,601
A018,2016-05-02,05:40:30,291,13,309
A018,2016-05-03,02:57:00,522,50,575
A018,2016-05-04,03:13:30,294,23,318
A018,2016-05-05,01:23:00,557,59,616
A018,2016-05-06,04:15:30,299,29,328
A018,2016-05-07,03:35:00,451,44,496
A018,2016-05-08,03:54:00,383,29,412
A018,2016-05-09,02:34:00,419,32,451
A018,2016-05-10,04:31:00,413,27,440
A018,2016-05-11,02:17:00,345,30,377
A018,2016-05-12,05:42:00,350,9,359
A018,2016-05-13,01:25:00,295,40,335
A018,2016-05-14,01:41:00,518,86,618
A018,2016-05-15,01:39:00,643,55,698
A018,2016-05-16,02:46:00,354,22,376
A018,2016-05-17,04:20:00,368,21,390
A018,2016-05-19,04:06:00,289,14,303
A018,2016-05-20,01:51:00,354,27,388
A019,2016-04-01,02:23:00,513,15,528
A019,2016-04-02,02:07:00,382,26,408
A019,2016-04-04,01:42:00,459,28,487
A019,2016-04-05,02:15:30,420,14,436
A019,2016-04-06,02:29:00,502,20,522
A019,2016-04-07,02:30:00,368,16,384
A019,2016-04-08,01:47:00,369,9,378
A019,2016-04-09,04:36:00,185,6,191
A019,2016-04-10,00:54:30,512,21,534
A019,2016-04-11,02:38:30,390,12,402
A019,2016-04-12,03:29:00,295,6,301
A019,2016-04-13,02:09:30,526,27,554
A019,2016-04-14,03:53:00,277,18,295
A019,2016-04-15,01:57:00,334,25,359
A019,2016-04-16,00:28:00,253,11,269
A019,2016-04-17,04:03:00,376,22,398
A019,2016-04-18,03:04:30,319,6,325
A019,2016-04-19,01:24:30,400,29,429
A019,2016-04-20,04:53:30,326,8,335
A019,2016-04-21,03:16:00,305,16,321
A019,2016-04-22,00:42:30,431,47,478
A019,2016-04-23,02:28:00,321,36,357
A019,2016-04-24,03:47:00,189,5,194
A019,2016-04-25,03:07:30,360,8,368
A019,2016-04-26,03:04:00,331,13,344
A019,2016-04-27,04:08:30,477,16,493
A019,2016-04-28,02:43:00,356,14,370
A019,2016-04-29,04:26:30,214,8,222
A019,2016-04-30,23:45:00,712,14,726
A019,2016-05-01,03:19:30,471,60,531
A019,2016-05-02,02:14:00,392,44,436
A019,2016-05-03,02:26:00,373,13,387
A019,2016-05-04,04:52:30,350,43,396
A019,2016-05-05,02:22:30,257,22,279
A019,2016-05-06,02:55:30,376,37,419
A019,2016-05-07,01:49:00,470,40,510
A019,2016-05-08,02:16:30,461,16,477
A019,2016-05-09,05:01:30,306,12,318
A019,2016-05-10,02:17:30,362,40,403
A019,2016-05-11,03:13:00,458,9,468
A019,2016-05-12,02:25:30,377,8,385
A019,2016-05-13,01:37:00,311,9,320
A019,2016-05-14,03:22:30,263,8,278
A019,2016-05-15,04:35:00,199,13,216
A019,2016-05-16,01:21:30,435,8,445
A019,2016-05-18,02:11:00,506,18,524
A019,2016-05-19,03:05:00,224,30,255
A019,2016-05-20,02:15:30,330,15,346
A020,2016-04-01,04:25:30,125,16,142
A020,2016-04-04,23:55:30,389,9,398
A020,2016-04-05,00:48:00,347,22,369
A020,2016-04-06,01:07:00,62,2,64
A020,2016-04-07,02:46:00,269,8,278
A020,2016-04-08,00:52:00,166,14,180
A020,2016-04-11,00:47:30,535,16,552
A020,2016-04-12,01:15:00,300,38,339
A020,2016-04-13,22:53:00,680,23,708
A020,2016-04-14,02:42:30,349,11,360
A020,2016-04-15,01:00:30,329,5,335
A020,2016-04-16,00:25:00,376,41,419
A020,2016-04-17,04:02:00,124,17,150
A020,2016-04-18,01:35:00,312,22,334
A020,2016-04-19,23:37:00,412,28,440
A020,2016-04-20,01:51:30,392,55,447
A020,2016-04-21,02:06:00,456,43,504
A020,2016-04-23,03:42:00,119,6,132
A020,2016-04-24,23:35:00,392,29,421
A020,2016-04-25,00:02:00,526,35,580
A020,2016-04-26,00:51:30,382,6,392
A020,2016-04-27,00:26:00,492,65,564
A020,2016-04-28,23:39:00,669,40,709
A020,2016-04-29,02:41:30,221,5,226
A020,2016-04-30,05:51:30,225,1,231
A020,2016-05-01,00:57:30,323,13,337
A020,2016-05-03,01:49:00,301,36,337
A020,2016-05-04,00:55:00,421,36,463
A020,2016-05-06,21:52:00,654,20,674
A020,2016-05-07,10:02:30,55,6,61
A020,2016-05-10,01:10:00,323,10,333
A020,2016-05-11,00:35:30,557,13,571
A020,2016-05-12,02:07:00,465,15,484
A020,2016-05-14,10:33:00,206,3,209
A020,2016-05-15,00:02:00,411,18,429
A020,2016-05-16,00:45:30,479,53,542
A020,2016-05-17,23:22:00,415,20,435
A020,2016-05-18,05:08:00,262,10,272
A020,2016-05-19,07:10:00,93,16,109
A020,2016-05-20,02:10:30,170,13,183
A021,2016-04-01,00:42:30,318,24,342
A021,2016-04-02,23:57:00,454,31,485
A021,2016-04-04,03:22:00,279,13,297
A021,2016-04-05,23:00:00,517,37,556
A021,2016-04-06,01:34:00,342,45,388
A021,2016-04-07,01:00:00,320,20,340
A021,2016-04-08,00:53:00,381,39,420
A021,2016-04-09,00:52:30,416,30,447
A021,2016-04-10,23:35:00,519,35,554
A021,2016-04-11,19:08:30,765,47,812
A021,2016-04-12,22:54:00,502,55,558
A021,2016-04-13,01:33:30,371,16,390
A021,2016-04-14,00:18:00,423,46,471
A021,2016-04-15,01:45:30,347,13,366
A021,2016-04-16,22:40:00,517,49,571
A021,2016-04-17,09:50:00,202,15,217
A021,2016-04-18,00:11:00,447,31,479
A021,2016-04-19,00:39:00,415,32,447
A021,2016-04-20,01:13:00,361,33,394
A021,2016-04-21,02:11:00,337,14,351
A021,2016-04-22,00:26:00,428,27,456
A021,2016-04-23,01:46:00,335,29,369
A021,2016-04-24,00:55:30,320,29,349
A021,2016-04-25,00:50:00,407,56,464
A021,2016-04-26,23:49:00,516,47,563
A021,2016-04-27,02:40:00,308,33,341
A021,2016-04-28,01:08:00,415,41,456
A021,2016-04-29,02:37:00,361,14,375
A021,2016-04-30,00:31:00,446,32,479
A021,2016-05-01,04:09:00,306,22,328
A021,2016-05-02,00:23:00,435,34,470
A021,2016-05-03,01:05:30,381,51,432
A021,2016-05-04,01:53:30,351,34,385
A021,2016-05-05,01:11:00,403,32,435
A021,2016-05-06,01:29:00,374,38,416
A021,2016-05-07,23:32:00,478,50,529
A021,2016-05-08,23:33:00,660,54,714
A021,2016-05-11,01:21:00,357,68,425
A021,2016-05-12,00:36:30,477,33,510
A021,2016-05-13,03:14:30,275,28,311
A021,2016-05-15,02:26:30,421,28,449
A021,2016-05-16,23:07:00,564,25,590
A021,2016-05-18,03:24:00,333,28,361
A021,2016-05-19,00:33:00,552,48,601
A021,2016-05-20,04:02:00,374,30,404
A022,2016-04-01,22:40:00,391,10,401
A022,2016-04-02,01:10:30,462,5,467
A022,2016-04-04,00:30:30,454,42,504
A022,2016-04-05,01:03:30,359,28,387
A022,2016-04-06,23:41:00,250,38,293
A022,2016-04-07,00:06:00,359,30,390
A022,2016-04-08,00:18:30,467,58,526
A022,2016-04-09,01:30:30,482,65,550
A022,2016-04-10,02:01:30,368,4,375
A022,2016-04-11,01:13:00,417,42,460
A022,2016-04-12,01:27:00,391,29,422
A022,2016-04-13,00:00:30,501,37,538
A022,2016-04-14,00:54:30,299,22,321
A022,2016-04-15,01:10:00,446,32,479
A022,2016-04-16,03:32:00,433,25,459
A022,2016-04-17,05:07:00,369,27,396
A022,2016-04-18,01:03:30,559,49,608
A022,2016-04-19,03:35:30,412,22,434
A022,2016-04-20,01:22:00,415,32,447
A022,2016-04-21,00:39:30,410,61,472
A022,2016-04-22,02:13:30,461,30,491
A022,2016-04-23,00:24:00,508,40,548
A022,2016-04-24,02:48:00,505,42,562
A022,2016-04-25,02:26:00,376,40,416
A022,2016-04-26,13:09:00,73,3,76
A022,2016-04-27,02:39:30,316,40,360
A022,2016-04-28,01:13:00,378,30,408
A022,2016-04-29,01:19:30,456,36,492
A022,2016-04-30,01:03:00,349,17,366
A022,2016-05-01,02:14:00,413,53,466
A022,2016-05-02,00:54:00,443,62,505
A022,2016-05-03,01:40:30,374,24,404
A022,2016-05-04,01:04:00,429,48,480
A022,2016-05-05,23:27:00,404,58,462
A022,2016-05-06,00:57:30,494,62,556
A022,2016-05-07,03:11:30,362,32,394
A022,2016-05-08,02:16:00,363,45,409
A022,2016-05-09,01:53:00,374,45,421
A022,2016-05-10,02:22:30,323,18,341
A022,2016-05-11,02:32:00,313,11,324
A022,2016-05-12,02:04:00,414,26,440
A022,2016-05-14,03:06:30,332,44,376
A022,2016-05-15,02:40:00,367,30,397
A022,2016-05-16,04:37:00,246,28,274
A022,2016-05-17,03:34:30,277,11,292
A022,2016-05-18,01:43:00,363,63,426
A022,2016-05-19,22:44:00,487,66,553
A022,2016-05-20,23:04:30,550,52,604
A024,2016-04-01,09:58:00,48,15,63
A024,2016-04-02,04:16:00,254,20,274
A024,2016-04-04,00:28:00,436,28,464
A024,2016-04-05,00:37:00,419,31,451
A024,2016-04-06,01:11:30,435,35,470
A024,2016-04-07,00:52:30,412,37,449
A024,2016-04-08,23:55:30,515,25,542
A024,2016-04-09,00:04:30,514,39,553
A024,2016-04-10,02:22:00,179,25,204
A024,2016-04-11,01:06:30,317,44,361
A024,2016-04-12,00:30:30,429,34,467
A024,2016-04-15,23:38:30,310,8,321
A024,2016-04-16,01:46:30,362,21,383
A024,2016-04-17,00:53:30,333,20,354
A024,2016-04-19,00:44:00,435,46,481
A024,2016-04-20,01:56:30,341,40,381
A024,2016-04-25,01:22:30,346,19,365
A024,2016-04-26,00:00:00,471,34,505
A024,2016-04-28,00:07:30,364,38,402
A024,2016-04-29,01:44:00,357,57,414
A024,2016-04-30,00:43:00,313,35,355
A024,2016-05-01,01:00:00,474,60,536
A024,2016-05-04,01:52:30,364,29,393
A024,2016-05-05,18:00:00,77,9,86
A024,2016-05-12,00:00:00,319,23,342
A024,2016-05-14,03:53:30,386,28,423
A024,2016-05-16,00:50:30,482,31,513
A024,2016-05-18,01:27:30,458,27,486
A025,2016-04-01,02:41:30,383,26,409
A025,2016-04-02,05:34:30,145,11,161
A025,2016-04-04,02:27:00,417,48,465
A025,2016-04-05,01:38:00,369,31,400
A025,2016-04-06,03:23:00,240,28,280
A025,2016-04-07,02:39:00,330,31,361
A025,2016-04-08,02:17:00,343,17,360
A025,2016-04-09,07:44:00,400,1,401
A025,2016-04-10,10:18:00,89,5,94
A025,2016-04-11,00:40:00,387,61,448
A025,2016-04-12,02:27:00,345,17,362
A025,2016-04-13,08:58:30,105,1,106
A025,2016-04-14,04:08:30,336,50,386
A025,2016-04-15,02:58:00,278,29,307
A025,2016-04-16,04:53:00,310,32,344
A025,2016-04-17,08:18:00,218,18,236
A025,2016-04-18,02:06:00,448,42,490
A025,2016-04-19,23:39:00,314,23,337
A025,2016-04-20,23:56:00,97,10,108
A025,2016-04-21,07:49:00,242,17,259
A025,2016-04-22,14:06:00,164,13,178
A025,2016-04-23,05:24:00,108,12,120
A025,2016-04-24,08:39:00,364,11,375
A025,2016-04-25,01:15:00,372,27,399
A025,2016-04-27,05:06:00,468,17,485
A025,2016-04-28,03:26:00,282,22,304
A025,2016-04-29,06:12:00,93,2,95
A025,2016-05-01,02:26:00,481,68,550
A025,2016-05-02,06:22:00,91,6,97
A025,2016-05-03,01:35:00,317,30,347
A025,2016-05-04,09:34:00,72,5,77
A025,2016-05-05,08:04:30,466,27,497
A025,2016-05-06,09:49:00,97,8,105
A025,2016-05-07,01:29:30,460,14,474
A025,2016-05-10,02:02:00,192,13,210
A025,2016-05-11,03:14:30,507,39,553
A025,2016-05-12,07:52:00,82,3,85
A025,2016-05-13,10:42:00,68,2,70
A025,2016-05-14,14:24:30,136,4,140
A025,2016-05-15,01:51:00,353,44,397
A025,2016-05-17,03:47:00,167,13,180
A025,2016-05-18,01:46:00,449,25,474
A025,2016-05-19,07:36:00,249,17,266
A025,2016-05-20,14:21:00,108,12,120
A026,2016-04-01,00:52:00,384,29,413
A026,2016-04-02,18:27:30,121,8,129
A026,2016-04-04,01:36:00,292,32,324
A026,2016-04-05,02:09:00,368,42,410
A026,2016-04-06,02:43:30,142,20,162
A026,2016-04-07,02:11:00,244,39,283
A026,2016-04-08,02:01:00,349,29,411
A026,2016-04-09,04:29:00,351,40,391
A026,2016-04-10,03:50:00,205,24,230
A026,2016-04-11,04:48:00,313,35,349
A026,2016-04-12,02:46:00,479,25,504
A026,2016-04-13,20:22:00,246,30,280
A026,2016-04-14,12:21:00,354,25,379
A026,2016-04-16,02:41:00,143,12,155
A026,2016-04-18,02:32:30,293,33,326
A026,2016-04-19,03:34:30,401,25,426
A026,2016-04-20,05:30:30,211,24,239
A026,2016-04-21,02:08:00,302,45,353
A026,2016-04-22,03:15:00,404,32,436
A026,2016-04-23,02:47:00,539,34,573
A026,2016-04-24,02:39:00,321,23,345
A026,2016-04-25,03:14:00,294,18,312
A026,2016-04-26,03:52:00,285,38,328
A026,2016-04-28,00:21:00,623,41,664
A026,2016-04-29,02:59:30,316,36,352
A026,2016-04-30,03:51:00,379,31,424
A026,2016-05-01,01:30:30,381,74,455
A026,2016-05-02,01:57:00,325,22,347
A026,2016-05-03,01:22:00,402,21,423
A026,2016-05-04,01:54:00,390,45,439
A026,2016-05-05,03:01:00,389,23,412
A026,2016-05-06,03:25:30,350,53,405
A026,2016-05-07,02:55:00,414,47,461
A026,2016-05-08,23:00:30,113,6,120
A026,2016-05-09,03:33:30,180,29,209
A026,2016-05-11,03:20:00,294,20,314
A026,2016-05-12,02:08:00,354,29,383
A026,2016-05-13,02:51:00,381,32,418
A026,2016-05-14,04:21:30,149,17,168
A026,2016-05-15,03:40:00,506,63,576
A026,2016-05-16,01:44:00,404,21,425
A026,2016-05-17,01:28:00,368,42,410
A026,2016-05-18,02:46:00,266,29,298
A026,2016-05-19,01:31:00,388,23,412
A026,2016-05-20,02:34:00,292,18,310
A027,2016-04-01,03:51:00,526,27,553
A027,2016-04-02,02:21:30,510,14,524
A027,2016-04-04,01:18:00,551,17,568
A027,2016-04-05,03:51:00,217,20,237
A027,2016-04-06,03:23:00,395,23,420
A027,2016-04-07,03:36:30,417,19,436
A027,2016-04-08,02:00:30,453,35,489
A027,2016-04-09,01:23:30,518,29,548
A027,2016-04-10,03:07:30,125,17,142
A027,2016-04-11,00:35:00,481,20,501
A027,2016-04-12,01:13:00,413,20,433
A027,2016-04-13,02:05:00,615,32,647
A027,2016-04-14,00:47:00,451,11,462
A027,2016-04-15,02:27:30,562,39,610
A027,2016-04-16,01:02:00,348,19,367
A027,2016-04-18,01:19:30,401,46,448
A027,2016-04-19,01:50:30,361,32,393
A027,2016-04-20,02:50:00,314,21,335
A027,2016-04-21,01:43:30,386,25,411
A027,2016-04-22,02:12:30,700,15,715
A027,2016-04-23,02:39:00,494,25,519
A027,2016-04-24,01:46:00,451,14,465
A027,2016-04-25,01:37:00,413,15,428
A027,2016-04-26,00:53:00,428,21,449
A027,2016-04-28,15:54:00,178,5,183
A027,2016-04-29,02:19:00,496,31,527
A027,2016-04-30,23:25:00,61,1,62
A027,2016-05-01,00:51:00,496,19,515
A027,2016-05-02,01:10:00,545,35,580
A027,2016-05-03,00:44:00,421,39,460
A027,2016-05-04,00:15:00,444,39,483
A027,2016-05-05,23:13:30,759,91,851
A027,2016-05-06,02:24:30,561,34,595
A027,2016-05-07,03:04:00,500,15,515
A027,2016-05-08,01:05:30,481,30,511
A027,2016-05-09,01:14:30,571,9,580
A027,2016-05-10,01:31:00,389,21,410
A027,2016-05-11,02:20:00,346,14,360
A027,2016-05-12,04:00:00,408,14,422
A027,2016-05-13,02:54:30,434,20,454
A027,2016-05-14,01:50:30,629,23,652
A027,2016-05-15,02:14:00,368,35,403
A027,2016-05-16,00:16:30,478,17,495
A027,2016-05-17,03:23:30,241,20,261
A027,2016-05-18,23:44:00,508,18,526
A027,2016-05-19,01:34:00,415,13,428
A027,2016-05-20,02:22:00,519,24,543
A028,2016-04-01,04:42:00,471,10,481
A028,2016-04-02,05:08:00,292,1,293
A028,2016-04-04,01:24:00,420,15,435
A028,2016-04-05,08:03:00,402,0,402
A028,2016-04-06,02:36:00,347,18,365
A028,2016-04-07,02:02:00,418,15,433
A028,2016-04-08,02:48:30,379,7,386
A028,2016-04-09,05:14:30,298,11,310
A028,2016-04-10,03:52:30,369,9,381
A028,2016-04-11,03:13:30,309,3,315
A028,2016-04-12,07:01:00,265,8,273
A028,2016-04-13,04:02:00,435,12,452
A028,2016-04-14,05:26:30,389,1,390
A028,2016-04-15,06:21:00,419,29,448
A028,2016-04-16,23:20:30,632,29,661
A028,2016-04-17,05:45:30,354,11,366
A028,2016-04-18,04:38:30,205,10,218
A028,2016-04-19,06:58:00,131,7,138
A028,2016-04-20,03:37:30,434,21,455
A028,2016-04-21,04:36:00,277,24,301
A028,2016-04-22,03:01:00,639,9,648
A028,2016-04-23,06:19:00,329,19,350
A028,2016-04-24,09:51:00,324,27,351
A028,2016-04-25,04:50:00,198,11,209
A028,2016-04-26,06:12:00,345,2,357
A028,2016-04-27,10:47:30,75,5,80
A028,2016-04-29,23:29:00,115,13,128
A028,2016-04-30,04:31:00,482,7,489
A028,2016-05-01,05:30:00,422,11,433
A028,2016-05-02,04:37:00,220,3,223
A028,2016-05-03,02:39:00,809,56,873
A028,2016-05-04,04:09:00,325,26,351
A028,2016-05-05,03:08:30,290,1,292
A028,2016-05-06,05:33:30,161,12,174
A028,2016-05-07,00:47:30,435,18,454
A028,2016-05-08,00:42:00,64,3,67
A028,2016-05-09,05:46:00,98,8,106
A028,2016-05-10,22:45:00,859,88,950
A028,2016-05-11,04:36:30,369,20,390
A028,2016-05-13,23:51:00,581,23,604
A028,2016-05-14,04:41:00,577,24,601
A028,2016-05-15,05:28:30,462,29,491
A028,2016-05-16,04:04:30,376,7,388
A028,2016-05-17,03:48:30,672,13,685
A028,2016-05-18,02:12:00,384,7,391
A028,2016-05-19,05:27:00,322,8,330
A029,2016-04-01,00:03:00,377,65,442
A029,2016-04-02,01:23:30,359,46,405
A029,2016-04-04,01:28:00,257,37,294
A029,2016-04-05,02:26:30,223,21,244
A029,2016-04-06,01:25:00,417,52,469
A029,2016-04-07,02:13:00,237,34,271
A029,2016-04-08,03:20:30,302,17,319
A029,2016-04-09,01:59:00,380,35,415
A029,2016-04-10,01:22:00,460,30,491
A029,2016-04-11,03:06:30,235,29,264
A029,2016-04-12,02:08:00,419,19,438
A029,2016-04-13,01:27:00,371,52,423
A029,2016-04-14,01:52:30,386,29,415
A029,2016-04-15,04:08:30,180,19,199
A029,2016-04-16,02:11:00,418,24,442
A029,2016-04-17,06:02:00,293,16,309
A029,2016-04-18,03:09:30,247,14,261
A029,2016-04-20,02:01:00,384,61,452
A029,2016-04-21,06:03:00,138,9,148
A029,2016-04-22,00:36:30,487,49,539
A029,2016-04-24,02:07:00,369,48,417
A029,2016-04-25,01:37:00,426,50,476
A029,2016-04-26,01:41:00,241,20,263
A029,2016-04-27,00:56:30,68,4,72
A029,2016-04-28,02:42:00,362,29,392
A029,2016-04-29,02:50:00,353,28,381
A029,2016-05-03,01:25:30,430,44,478
A029,2016-05-06,03:09:30,228,15,248
A029,2016-05-07,00:46:00,346,29,378
A029,2016-05-13,02:43:30,340,34,374
A029,2016-05-14,01:37:30,338,41,379
A029,2016-05-15,00:54:00,406,37,443
A029,2016-05-17,02:37:00,230,20,254
A029,2016-05-18,03:39:30,201,34,235
A029,2016-05-19,01:38:30,381,29,411
A029,2016-05-20,01:34:30,364,43,410
A030,2016-04-01,02:23:00,196,17,213
A030,2016-04-05,22:40:30,392,34,426
A030,2016-04-06,02:34:00,274,10,284
A030,2016-04-07,02:22:00,311,25,337
A030,2016-04-08,23:49:00,455,32,493
A030,2016-04-09,23:12:00,610,70,683
A030,2016-04-10,03:24:00,309,24,334
A030,2016-04-11,02:33:30,268,30,298
A030,2016-04-12,00:42:00,272,8,281
A030,2016-04-13,02:30:00,383,45,429
A030,2016-04-14,03:27:00,171,32,203
A030,2016-04-15,04:51:30,215,20,235
A030,2016-04-16,15:19:30,83,4,87
A030,2016-04-19,03:04:30,258,26,287
A030,2016-04-20,02:30:30,255,20,277
A030,2016-04-22,02:12:30,302,36,347
A030,2016-04-24,02:44:00,388,53,441
A030,2016-04-25,06:40:00,95,11,107
A030,2016-04-26,22:18:00,168,20,188
A030,2016-04-27,00:37:00,496,45,541
A030,2016-04-28,03:40:00,270,20,291
A030,2016-04-29,01:13:00,394,63,457
A030,2016-04-30,03:42:30,320,18,338
A030,2016-05-01,05:49:00,143,16,159
A030,2016-05-02,01:14:30,397,54,451
A030,2016-05-03,02:01:00,356,35,391
A030,2016-05-04,01:22:00,177,12,189
A030,2016-05-05,01:12:30,205,0,205
A030,2016-05-06,07:44:00,221,4,225
A030,2016-05-07,01:39:30,238,25,266
A030,2016-05-08,04:33:30,164,19,183
A030,2016-05-09,01:33:30,370,17,394
A030,2016-05-11,00:44:00,450,35,485
A030,2016-05-12,05:51:00,231,9,241
A030,2016-05-13,00:12:00,601,47,648
A030,2016-05-15,01:38:30,453,68,521
A030,2016-05-17,06:02:30,77,4,81
A030,2016-05-18,03:53:30,291,13,304
A030,2016-05-19,06:01:00,152,10,165
A031,2016-04-02,01:53:30,302,9,315
A031,2016-04-04,04:08:00,230,15,245
A031,2016-04-05,06:31:00,68,1,69
A031,2016-04-06,02:05:00,335,7,342
A031,2016-04-07,01:46:00,337,12,350
A031,2016-04-08,01:59:00,340,21,361
A031,2016-04-09,01:12:00,567,10,577
A031,2016-04-11,03:09:00,338,8,346
A031,2016-04-12,02:17:30,356,3,361
A031,2016-04-13,23:58:00,611,24,635
A031,2016-04-15,01:19:00,377,23,400
A031,2016-04-16,02:35:00,479,14,493
A031,2016-04-17,02:04:00,332,10,342
A031,2016-04-18,04:55:00,113,20,133
A031,2016-04-19,02:59:00,271,21,292
A031,2016-04-20,01:22:00,280,29,309
A031,2016-04-21,02:45:30,260,14,274
A031,2016-04-23,01:26:00,686,42,728
A031,2016-04-30,01:25:00,398,35,433
A032,2016-04-01,23:39:30,409,21,440
A032,2016-04-02,01:00:00,396,46,442
A032,2016-04-03,00:45:00,393,69,463
A032,2016-04-04,00:45:00,399,47,464
A032,2016-04-05,00:43:00,416,30,448
A032,2016-04-06,00:51:00,328,22,415
A032,2016-04-07,01:01:00,326,22,419
A032,2016-04-08,01:14:30,365,47,416
A032,2016-04-09,01:21:00,390,36,426
A032,2016-04-10,00:56:00,414,47,462
A032,2016-04-11,01:05:00,361,18,430
A032,2016-04-12,01:56:00,353,24,415
A032,2016-04-13,01:51:00,333,49,397
A032,2016-04-14,00:50:00,384,46,430
A032,2016-04-15,00:52:00,408,42,450
A032,2016-04-16,00:40:30,430,37,467
A032,2016-04-17,00:47:30,380,37,417
A032,2016-04-18,01:57:30,329,38,367
A032,2016-04-19,03:31:30,292,19,311
A032,2016-04-20,02:17:00,341,29,370
A032,2016-04-21,02:09:30,364,31,395
A032,2016-04-22,23:18:00,399,12,411
A032,2016-04-23,03:26:00,274,19,293
A032,2016-04-24,01:05:00,397,54,451
A032,2016-04-25,01:38:30,393,21,414
A032,2016-04-26,01:12:00,375,38,413
A032,2016-04-27,01:32:00,325,58,390
A032,2016-04-28,01:18:00,349,41,409
A032,2016-04-29,02:59:30,319,33,357
A032,2016-04-30,03:55:00,269,24,297
A032,2016-05-01,02:48:00,334,25,365
A032,2016-05-02,01:52:00,374,42,416
A032,2016-05-03,00:41:30,395,25,424
A032,2016-05-04,02:10:00,314,44,358
A032,2016-05-05,03:24:00,422,37,465
A032,2016-05-06,02:31:00,454,31,485
A032,2016-05-07,01:16:00,297,15,331
A032,2016-05-08,01:36:00,423,45,471
A032,2016-05-09,02:54:00,315,25,340
A032,2016-05-10,01:15:00,375,36,423
A032,2016-05-11,01:36:00,507,44,551
A032,2016-05-12,00:52:30,378,43,421
A032,2016-05-13,01:36:00,361,37,398
A032,2016-05-14,07:47:00,290,17,307
A032,2016-05-15,01:40:00,365,17,425
A032,2016-05-16,00:45:00,387,44,431
A032,2016-05-17,01:23:30,381,32,425
A032,2016-05-18,01:18:00,359,47,424
A032,2016-05-19,02:29:30,388,48,436
A032,2016-05-20,02:41:00,302,59,361
A033,2016-04-01,03:11:30,308,14,324
A033,2016-04-02,05:27:00,360,15,375
A033,2016-04-03,04:28:00,326,9,335
A033,2016-04-04,02:26:00,423,16,439
A033,2016-04-07,05:34:00,166,6,178
A033,2016-04-08,01:23:30,569,26,595
A033,2016-04-10,02:06:00,472,30,502
A033,2016-04-11,02:49:30,442,9,455
A033,2016-04-12,03:15:30,304,6,312
A033,2016-04-13,05:24:30,373,26,399
A033,2016-04-14,03:46:30,261,20,281
A033,2016-04-15,04:40:30,443,34,477
A033,2016-04-16,03:59:00,203,31,234
A033,2016-04-17,03:50:00,376,45,423
A033,2016-04-18,02:47:30,238,14,252
A033,2016-04-19,04:14:00,273,18,291
A033,2016-04-20,04:28:00,189,6,195
A033,2016-04-21,00:33:00,460,42,502
A033,2016-04-22,01:18:30,495,44,539
A033,2016-04-23,03:57:00,373,20,393
A033,2016-04-24,03:48:30,334,11,345
A033,2016-04-27,03:50:30,312,14,326
A033,2016-04-30,23:23:30,69,6,75
A034,2016-04-01,00:17:00,469,28,497
A034,2016-04-02,02:03:30,227,6,234
A034,2016-04-03,23:03:30,495,9,504
A034,2016-04-04,22:56:00,607,76,683
A034,2016-04-05,04:26:30,211,4,216
A034,2016-04-06,01:22:00,349,21,370
A034,2016-04-07,02:43:00,435,32,467
A034,2016-04-08,02:15:00,448,13,468
A034,2016-04-09,01:45:00,546,32,585
A034,2016-04-10,13:36:00,170,19,189
A034,2016-04-11,01:49:00,489,33,538
A034,2016-04-12,02:20:00,331,7,341
A034,2016-04-13,06:56:30,440,13,453
A034,2016-04-14,02:34:00,318,11,332
A034,2016-04-15,03:30:00,561,3,571
A034,2016-04-16,04:13:00,187,13,200
A034,2016-04-17,04:38:30,487,19,515
A034,2016-04-18,03:36:00,427,12,450
A034,2016-04-19,01:46:00,317,9,335
A034,2016-04-20,04:31:00,221,12,233
A034,2016-04-21,00:53:30,421,23,445
A034,2016-04-22,02:19:00,242,4,250
A034,2016-04-23,02:16:00,519,14,533
A034,2016-04-24,04:18:00,505,7,520
A034,2016-04-25,03:14:00,340,14,357
A034,2016-04-26,01:01:00,375,11,390
A034,2016-04-27,01:07:00,365,7,384
A034,2016-04-28,00:20:00,437,16,465
A034,2016-04-29,01:44:00,531,11,549
A034,2016-04-30,02:22:30,311,12,327
A034,2016-05-01,01:14:30,707,21,731
A034,2016-05-02,02:14:00,472,13,496
A034,2016-05-03,01:08:00,338,14,352
A034,2016-05-04,01:15:00,379,17,404
A034,2016-05-05,01:44:00,571,17,600
A034,2016-05-10,01:47:00,371,1,373
A034,2016-05-11,04:24:00,312,18,338
A034,2016-05-12,05:47:00,243,4,261
A034,2016-05-20,05:32:00,475,17,492
A035,2016-04-01,20:29:30,284,14,298
A035,2016-04-02,20:10:30,295,25,320
A035,2016-04-03,02:09:30,295,47,342
A035,2016-04-04,01:27:00,433,26,459
A035,2016-04-05,00:48:30,482,52,535
A035,2016-04-06,00:02:00,495,64,559
A035,2016-04-07,03:27:00,275,33,308
A035,2016-04-08,03:37:00,286,56,342
A035,2016-04-09,02:25:00,512,48,561
A035,2016-04-10,05:51:00,393,47,440
A035,2016-04-11,04:22:00,290,20,310
A035,2016-04-12,04:59:30,314,39,360
A035,2016-04-13,06:13:30,457,73,533
A035,2016-04-14,17:46:00,202,21,224
A035,2016-04-15,05:17:00,316,28,344
A035,2016-04-16,05:09:30,146,24,170
A035,2016-04-17,06:32:00,203,16,219
A035,2016-04-18,02:46:30,342,55,397
A035,2016-04-19,05:52:30,154,17,171
A035,2016-04-20,23:14:30,144,16,161
A035,2016-04-21,05:57:30,365,49,414
A035,2016-04-23,05:23:00,195,18,236
A035,2016-04-24,05:04:00,566,32,598
A035,2016-04-25,07:35:00,96,17,113
A035,2016-04-26,05:09:00,313,24,337
A035,2016-04-27,04:19:30,344,49,393
A035,2016-04-28,01:51:00,204,12,223
A035,2016-04-30,03:37:00,746,91,837
A035,2016-05-01,02:40:00,325,28,353
A035,2016-05-03,23:45:00,94,1,95
A035,2016-05-04,09:11:30,185,6,191
A035,2016-05-05,05:34:30,538,76,614
A035,2016-05-08,22:47:00,90,12,102
A035,2016-05-11,06:55:00,256,21,277
A035,2016-05-12,07:50:00,146,10,156
A035,2016-05-15,02:06:00,308,47,356
A035,2016-05-18,13:05:00,82,11,94
A036,2016-04-01,02:22:00,439,48,487
A036,2016-04-02,02:56:00,506,34,540
A036,2016-04-03,03:32:00,464,48,512
A036,2016-04-04,01:56:00,396,28,424
A036,2016-04-05,00:53:00,438,49,487
A036,2016-04-06,03:12:00,434,28,462
A036,2016-04-07,02:51:00,396,34,430
A036,2016-04-08,01:46:00,485,68,553
A036,2016-04-09,03:20:00,388,45,434
A036,2016-04-10,04:54:00,336,32,372
A036,2016-04-11,00:45:00,433,52,485
A036,2016-04-12,02:43:00,348,20,368
A036,2016-04-13,03:30:00,433,41,474
A036,2016-04-14,01:13:00,416,56,472
A036,2016-04-15,02:06:00,393,29,422
A036,2016-04-17,03:46:00,480,31,511
A036,2016-04-18,02:13:00,361,26,387
A036,2016-04-19,02:15:00,380,33,413
A036,2016-04-20,03:33:00,421,21,442
A036,2016-04-21,03:40:00,365,19,384
A036,2016-04-22,03:39:00,401,47,449
A036,2016-04-23,02:52:30,448,23,474
A036,2016-04-24,04:14:00,488,44,532
A036,2016-04-25,02:28:00,334,42,376
A036,2016-04-26,02:26:30,363,37,400
A036,2016-04-27,03:30:00,385,37,422
A036,2016-04-28,03:48:00,330,17,347
A036,2016-04-29,03:44:00,413,44,458
A036,2016-04-30,04:21:00,481,46,527
A036,2016-05-01,05:01:00,498,25,523
A036,2016-05-02,02:36:00,365,10,375
A036,2016-05-03,01:56:00,387,47,465
A036,2016-05-04,02:52:00,441,32,473
A037,2016-04-01,04:21:00,341,15,356
A037,2016-04-03,15:12:00,623,57,680
A037,2016-04-04,01:27:30,381,37,418
A037,2016-04-05,00:16:00,457,62,519
A037,2016-04-06,02:37:00,402,28,430
A037,2016-04-07,02:24:00,296,29,328
A037,2016-04-08,04:12:00,446,22,468
A037,2016-04-09,02:30:00,460,49,509
A037,2016-04-10,03:56:30,239,22,261
A037,2016-04-11,00:14:30,460,43,504
A037,2016-04-12,02:07:00,370,23,395
A037,2016-04-13,05:27:00,340,46,387
A037,2016-04-14,01:51:00,313,36,349
A037,2016-04-15,04:08:00,409,40,449
A037,2016-04-16,06:07:30,480,83,563
A037,2016-04-17,02:38:00,526,91,617
A037,2016-04-18,03:28:00,286,20,306
A037,2016-04-19,04:45:30,229,28,257
A037,2016-04-20,03:52:30,265,43,308
A037,2016-04-21,17:34:30,180,25,205
A037,2016-04-22,05:59:00,455,26,482
A037,2016-04-23,04:52:00,389,32,421
A037,2016-04-24,04:10:00,462,68,530
A037,2016-04-25,01:46:00,365,32,397
A037,2016-04-26,02:13:00,354,31,385
A037,2016-04-27,00:40:00,433,45,478
A037,2016-04-28,01:20:30,343,34,377
A037,2016-04-29,02:11:30,457,50,507
A037,2016-04-30,02:50:30,291,38,329
A037,2016-05-01,03:00:00,454,91,546
A037,2016-05-02,01:34:30,372,47,419
A037,2016-05-03,00:34:30,426,57,483
A037,2016-05-04,00:27:00,420,63,484
A037,2016-05-05,01:12:00,508,80,588
A037,2016-05-07,03:07:00,478,54,532
A037,2016-05-08,03:32:00,558,34,592
A037,2016-05-09,03:30:00,272,48,320
A037,2016-05-10,01:47:30,377,49,427
A037,2016-05-11,02:11:30,456,56,512
A037,2016-05-12,02:48:00,274,33,308
A037,2016-05-13,15:44:00,85,8,93
A037,2016-05-14,07:41:00,386,42,428
A037,2016-05-15,03:49:00,475,43,518
A037,2016-05-16,02:35:00,301,54,355
A037,2016-05-17,00:59:00,422,63,495
A037,2016-05-18,00:30:00,430,51,481
A037,2016-05-19,00:07:00,391,56,448
A037,2016-05-20,04:53:30,441,76,517
A038,2016-04-02,07:14:30,99,5,104
A038,2016-04-04,05:39:30,244,12,257
A038,2016-04-05,02:21:00,388,23,411
A038,2016-04-06,04:24:00,256,28,284
A038,2016-04-07,02:00:00,58,3,61
A038,2016-04-08,03:47:00,112,16,128
A038,2016-04-09,06:13:00,306,22,328
A038,2016-04-10,02:00:30,569,48,620
A038,2016-04-11,05:02:30,231,19,250
A038,2016-04-13,07:38:30,72,5,77
A038,2016-04-14,02:06:00,322,33,355
A038,2016-04-15,04:58:00,332,40,372
A038,2016-04-16,10:41:30,368,13,390
A038,2016-04-17,06:08:30,322,12,334
A038,2016-04-18,02:21:30,380,21,401
A038,2016-04-19,04:25:30,281,9,290
A038,2016-04-20,03:58:00,310,13,323
A038,2016-04-22,03:38:30,521,49,570
A038,2016-04-23,09:26:30,342,33,375
A038,2016-04-24,06:32:00,467,45,512
A038,2016-04-25,07:04:30,377,10,387
A038,2016-04-27,04:42:30,131,10,143
A038,2016-04-28,08:32:00,137,3,140
A038,2016-04-29,03:37:30,476,65,541
A038,2016-04-30,07:24:00,289,38,327
A038,2016-05-01,00:53:30,197,10,213
A038,2016-05-03,04:37:00,275,46,321
A038,2016-05-04,07:54:30,78,7,85
A038,2016-05-05,04:29:30,391,17,408
A038,2016-05-06,04:08:30,449,69,519
A038,2016-05-07,05:57:00,527,59,586
A038,2016-05-08,02:27:00,85,5,90
A038,2016-05-09,03:52:30,275,33,308
A038,2016-05-10,23:52:30,425,55,487
A038,2016-05-12,03:00:00,197,11,209
A038,2016-05-13,04:44:00,341,23,364
A038,2016-05-15,06:18:30,240,38,282
A038,2016-05-16,04:09:00,261,32,293
A038,2016-05-18,03:25:30,306,33,340
A038,2016-05-19,06:14:00,103,12,116
A038,2016-05-20,03:17:30,423,24,447
A039,2016-04-01,00:51:00,397,37,434
A039,2016-04-02,14:55:00,154,23,178
A039,2016-04-04,01:30:30,312,22,335
A039,2016-04-05,02:22:00,352,25,378
A039,2016-04-10,05:05:30,249,22,271
A039,2016-04-11,01:46:00,390,18,409
A039,2016-04-12,08:24:00,63,0,63
A039,2016-04-19,03:34:30,316,11,327
A039,2016-04-21,12:36:30,198,6,204
A039,2016-04-26,14:39:30,269,25,294
A039,2016-04-27,06:25:30,59,10,69
A039,2016-05-19,12:17:30,167,5,172
A040,2016-04-02,05:53:30,226,19,245
A040,2016-04-03,01:00:00,367,37,404
A040,2016-04-05,02:52:00,296,66,364
A040,2016-04-07,03:28:30,276,65,344
A040,2016-04-08,03:53:00,274,33,307
A040,2016-04-09,04:37:00,252,50,302
A040,2016-04-10,02:24:00,398,65,469
A040,2016-04-12,02:09:30,61,8,69
A040,2016-04-13,03:58:30,395,34,433
A040,2016-04-14,03:08:00,261,51,312
A040,2016-04-15,02:21:00,75,7,82
A040,2016-04-16,02:17:00,276,28,304
A040,2016-04-17,01:35:30,409,36,445
A040,2016-04-18,02:15:30,323,59,383
A040,2016-04-19,02:45:30,365,45,410
A040,2016-04-20,03:33:30,307,50,357
A040,2016-04-21,04:29:00,322,31,353
A040,2016-04-22,02:03:00,406,50,456
A040,2016-04-23,02:05:30,354,70,424
A040,2016-04-24,02:44:30,427,58,485
A040,2016-04-25,04:08:00,242,82,324
A040,2016-04-26,05:00:00,244,24,275
A040,2016-04-27,03:07:30,322,51,375
A040,2016-04-28,02:50:30,285,82,367
A040,2016-04-29,21:27:00,305,43,348
A040,2016-04-30,03:00:30,294,45,339
A040,2016-05-01,05:36:00,333,52,385
A040,2016-05-02,05:38:00,182,37,219
A040,2016-05-03,04:51:00,242,52,295
A040,2016-05-04,01:32:30,372,57,430
A040,2016-05-05,05:02:00,327,53,381
A040,2016-05-07,01:58:00,409,43,452
A040,2016-05-08,02:52:00,268,30,298
A040,2016-05-09,00:21:30,409,49,458
A040,2016-05-10,02:41:00,272,64,337
A040,2016-05-11,02:27:00,340,34,374
A040,2016-05-12,02:50:00,332,38,370
A040,2016-05-14,03:38:00,284,48,334
A040,2016-05-17,02:01:30,353,36,389
A040,2016-05-19,07:15:00,132,12,144
A041,2016-04-01,02:53:00,296,12,308
A041,2016-04-02,01:53:30,465,23,488
A041,2016-04-03,02:29:30,362,10,376
A041,2016-04-04,01:31:00,369,25,394
A041,2016-04-05,02:27:00,273,18,291
A041,2016-04-06,03:07:30,237,20,260
A041,2016-04-07,02:23:00,324,30,354
A041,2016-04-08,02:10:30,351,23,378
A041,2016-04-09,03:08:00,362,11,373
A041,2016-04-10,02:19:00,539,37,576
A041,2016-04-11,02:06:30,462,19,481
A041,2016-04-12,02:17:00,300,18,322
A041,2016-04-13,02:15:00,431,8,439
A041,2016-04-14,03:36:00,360,31,391
A041,2016-04-15,03:23:00,278,11,289
A041,2016-04-16,03:00:00,398,13,411
A041,2016-04-17,04:08:00,402,12,414
A041,2016-04-18,02:28:30,367,38,406
A041,2016-04-19,03:17:30,241,10,252
A041,2016-04-20,03:34:30,225,12,238
A041,2016-04-21,03:55:00,337,24,363
A041,2016-04-22,19:31:30,190,10,200
A041,2016-04-23,04:23:30,428,20,449
A041,2016-04-24,02:50:30,99,10,109
A041,2016-04-25,04:01:00,260,4,264
A041,2016-04-26,03:19:00,223,20,244
A041,2016-04-27,03:25:30,199,16,220
A041,2016-04-28,12:59:30,77,3,80
A041,2016-04-29,02:45:30,323,20,346
A041,2016-04-30,03:00:00,432,19,455
A041,2016-05-01,02:50:00,353,17,371
A041,2016-05-02,02:20:00,464,21,485
A041,2016-05-03,02:09:30,326,13,340
A041,2016-05-04,02:34:30,409,20,429
A041,2016-05-05,03:55:00,368,23,391
A041,2016-05-06,04:07:00,354,24,378
A041,2016-05-07,04:27:30,387,22,409
A041,2016-05-08,03:30:00,88,6,94
A041,2016-05-09,04:40:00,367,18,385
A041,2016-05-10,02:56:00,257,5,266
A041,2016-05-11,02:48:00,279,11,290
A041,2016-05-12,02:41:30,320,14,338
A041,2016-05-13,02:32:00,326,13,345
A041,2016-05-14,02:58:00,361,27,389
A041,2016-05-15,01:46:30,317,11,331
A041,2016-05-16,01:44:30,486,27,513
A041,2016-05-17,01:50:00,313,21,337
A041,2016-05-18,03:15:00,236,9,245
A041,2016-05-19,02:08:30,402,18,421
A041,2016-05-20,02:48:00,375,41,416
A042,2016-04-01,02:28:00,400,29,429
A042,2016-04-02,04:37:00,148,4,152
A042,2016-04-03,03:17:30,502,50,553
A042,2016-04-04,04:31:30,284,28,312
A042,2016-04-05,01:28:00,288,26,314
A042,2016-04-06,03:27:30,318,25,344
A042,2016-04-07,01:29:00,397,37,434
A042,2016-04-08,01:45:30,583,63,647
A042,2016-04-09,06:35:00,300,18,318
A042,2016-04-10,05:18:00,356,27,383
A042,2016-04-12,02:38:00,259,42,306
A042,2016-04-13,22:48:30,607,89,699
A042,2016-04-14,03:07:00,306,54,360
A042,2016-04-15,03:13:30,325,34,359
A042,2016-04-16,02:39:00,408,20,428
A042,2016-04-17,06:12:00,347,33,388
A042,2016-04-18,01:12:00,440,52,503
A042,2016-04-19,03:58:00,208,29,237
A042,2016-04-20,02:01:30,429,37,466
A042,2016-04-21,00:25:00,507,48,555
A042,2016-04-22,16:51:00,211,10,221
A042,2016-04-23,03:26:00,469,49,521
A042,2016-04-24,04:26:30,355,14,370
A042,2016-04-25,02:58:00,405,43,448
A042,2016-04-26,01:35:30,201,24,225
A042,2016-04-27,00:13:30,583,48,631
A042,2016-04-28,06:38:30,196,31,228
A042,2016-04-29,04:01:30,304,34,338
A042,2016-04-30,03:40:30,417,16,433
A042,2016-05-01,05:44:30,575,21,596
A042,2016-05-02,01:01:30,478,86,564
A042,2016-05-03,02:43:00,315,18,338
A042,2016-05-04,02:00:30,338,28,366
A042,2016-05-05,00:20:30,558,63,621
A042,2016-05-07,02:04:00,424,64,490
A042,2016-05-09,03:34:30,174,29,204
A042,2016-05-10,02:26:30,267,9,281
A042,2016-05-12,02:02:30,398,44,442
A042,2016-05-15,23:44:30,643,57,700
A043,2016-04-01,23:51:00,411,48,459
A043,2016-04-02,02:25:30,321,43,364
A043,2016-04-03,03:47:30,249,22,272
A043,2016-04-04,01:36:00,416,47,464
A043,2016-04-05,01:56:00,367,28,395
A043,2016-04-06,00:15:00,502,42,544
A043,2016-04-07,01:32:30,401,28,434
A043,2016-04-08,00:34:00,393,20,420
A043,2016-04-09,02:18:00,376,47,423
A043,2016-04-10,02:20:00,292,30,324
A043,2016-04-11,00:54:30,419,32,451
A043,2016-04-12,00:52:00,380,26,406
A043,2016-04-13,03:54:00,358,11,369
A043,2016-04-14,01:48:00,389,16,405
A043,2016-04-15,03:35:30,364,9,373
A043,2016-04-16,04:50:00,227,17,244
A043,2016-04-17,18:07:00,71,3,74
A043,2016-04-18,01:31:00,348,25,373
A043,2016-04-20,03:37:00,415,12,427
A043,2016-04-21,02:47:00,264,13,277
A043,2016-04-22,01:14:00,289,3,292
A043,2016-04-23,03:25:30,376,22,399
A043,2016-04-24,01:41:00,358,17,375
A043,2016-04-25,02:46:00,321,20,341
A043,2016-04-26,03:25:00,290,27,324
A043,2016-04-27,03:43:00,284,17,301
A043,2016-04-28,02:52:00,272,4,281
A043,2016-04-29,04:52:30,218,10,228
A043,2016-04-30,02:40:00,553,24,577
A043,2016-05-01,01:35:00,385,12,397
A043,2016-05-02,01:31:00,174,7,181
A043,2016-05-03,00:31:30,439,42,481
A043,2016-05-04,00:35:00,388,17,405
A043,2016-05-05,03:08:30,402,16,418
A043,2016-05-06,21:19:00,290,24,314
A043,2016-05-07,00:24:30,487,29,516
A043,2016-05-08,00:37:00,416,24,441
A043,2016-05-09,02:27:30,361,29,390
A043,2016-05-10,02:33:30,414,10,424
A043,2016-05-11,21:31:00,403,20,424
A043,2016-05-12,00:50:30,479,31,511
A043,2016-05-13,01:26:30,412,12,428
A043,2016-05-14,03:08:30,377,6,383
A043,2016-05-15,02:34:00,304,19,323
A043,2016-05-16,01:45:00,239,9,254
A043,2016-05-17,02:49:30,74,19,93
A043,2016-05-18,02:01:00,406,27,433
A043,2016-05-19,02:04:00,408,22,430
A043,2016-05-20,02:27:30,170,15,185
A044,2016-04-01,04:10:00,353,64,417
A044,2016-04-02,04:40:00,434,20,454
A044,2016-04-03,04:33:00,303,31,334
A044,2016-04-04,04:04:00,271,27,300
A044,2016-04-05,04:32:30,276,24,300
A044,2016-04-06,22:48:00,241,26,267
A044,2016-04-07,06:20:30,394,44,438
A044,2016-04-08,05:36:00,404,52,457
A044,2016-04-09,01:35:00,420,44,464
A044,2016-04-10,06:34:30,368,29,397
A044,2016-04-11,05:57:00,220,25,245
A044,2016-04-12,05:54:00,189,27,216
A044,2016-04-13,06:51:00,221,25,246
A044,2016-04-14,06:45:00,370,69,440
A044,2016-04-15,12:35:30,74,5,79
A044,2016-04-16,05:47:00,116,12,128
A044,2016-04-17,06:17:00,320,52,372
A044,2016-04-18,12:32:00,140,23,163
A044,2016-04-20,04:46:00,240,41,281
A044,2016-04-21,07:35:00,294,30,324
A044,2016-04-22,22:49:00,84,11,95
A044,2016-04-23,03:57:00,344,39,388
A044,2016-04-25,05:17:00,195,24,219
A044,2016-04-26,07:28:00,97,20,117
A044,2016-04-27,06:36:00,122,23,145
A044,2016-04-28,06:16:00,301,56,357
A044,2016-04-29,23:17:00,234,22,256
A044,2016-04-30,00:30:00,503,75,584
A044,2016-05-01,04:52:30,398,56,454
A044,2016-05-02,04:44:00,185,19,210
A044,2016-05-03,04:57:30,234,35,269
A044,2016-05-07,04:41:00,371,38,409
A044,2016-05-09,05:19:00,154,23,177
A044,2016-05-10,05:17:30,232,21,253
A044,2016-05-11,00:34:00,406,73,479
A044,2016-05-12,05:12:00,365,43,408
A044,2016-05-13,05:25:00,314,33,347
A044,2016-05-16,13:07:30,242,37,279
A044,2016-05-17,18:05:30,194,33,227
A044,2016-05-18,05:24:00,203,13,216
A044,2016-05-19,05:01:00,271,27,298
A045,2016-04-01,04:01:30,299,37,336
A045,2016-04-02,01:01:30,264,26,294
A045,2016-04-03,02:14:00,478,43,521
A045,2016-04-04,05:04:00,336,26,362
A045,2016-04-05,02:16:30,453,48,505
A045,2016-04-06,03:49:00,246,35,281
A045,2016-04-07,01:31:00,452,100,552
A045,2016-04-08,02:08:00,366,72,438
A045,2016-04-09,05:16:30,88,6,94
A045,2016-04-10,01:11:00,546,48,594
A045,2016-04-11,02:49:00,444,54,498
A045,2016-04-12,03:47:30,269,33,302
A045,2016-04-13,03:25:30,465,39,504
A045,2016-04-14,02:32:30,301,45,352
A045,2016-04-15,03:22:00,559,32,591
A045,2016-04-16,04:34:30,333,45,386
A045,2016-04-17,03:57:00,534,56,590
A045,2016-04-18,03:01:30,483,40,524
A045,2016-04-19,03:59:00,369,54,423
A045,2016-04-20,02:00:00,611,71,682
A045,2016-04-21,06:06:30,418,53,471
A045,2016-04-22,16:10:00,236,35,271
A045,2016-04-23,07:26:00,160,34,194
A045,2016-04-24,03:19:30,606,47,653
A045,2016-04-25,03:46:30,293,20,313
A045,2016-04-26,03:17:30,482,46,529
A045,2016-04-27,05:30:00,175,22,197
A045,2016-04-28,05:55:30,380,40,420
A045,2016-04-29,01:56:30,406,53,459
A045,2016-04-30,07:56:00,272,23,300
A045,2016-05-01,03:46:30,454,63,517
A045,2016-05-02,01:16:30,556,83,639
A045,2016-05-07,08:24:00,161,11,172
A045,2016-05-08,05:36:30,193,8,201
A045,2016-05-09,02:01:30,586,40,626
A045,2016-05-10,03:39:00,393,46,439
A045,2016-05-11,03:34:30,570,58,628
A045,2016-05-12,04:17:00,296,46,342
A045,2016-05-13,03:15:00,324,39,363
A045,2016-05-14,03:48:00,424,38,462
A045,2016-05-15,03:24:00,440,32,472
A045,2016-05-16,04:35:00,289,34,323
A045,2016-05-17,04:29:00,310,28,338
A045,2016-05-18,03:21:30,279,32,311
A045,2016-05-19,01:32:30,401,55,457
A045,2016-05-20,03:22:30,358,57,415
A047,2016-04-01,03:53:00,299,9,315
A047,2016-04-02,00:56:00,645,61,712
A047,2016-04-03,01:09:00,417,42,466
A047,2016-04-04,04:31:00,323,23,358
A047,2016-04-05,04:33:00,222,4,239
A047,2016-04-06,04:50:00,368,23,397
A047,2016-04-07,05:01:00,419,21,448
A047,2016-04-08,02:33:00,289,35,336
A047,2016-04-09,04:16:00,168,18,193
A047,2016-04-10,04:46:30,616,58,674
A047,2016-04-11,03:31:00,159,15,176
A047,2016-04-12,04:27:00,551,50,604
A047,2016-04-13,04:27:00,351,25,381
A047,2016-04-14,03:18:00,503,36,539
A047,2016-04-15,02:45:30,119,15,134
A047,2016-04-16,03:02:00,537,31,575
A047,2016-04-17,03:43:00,380,30,420
A047,2016-04-18,03:53:00,380,46,426
A047,2016-04-19,04:53:00,548,44,592
A047,2016-04-20,03:39:00,446,59,505
A047,2016-04-21,03:32:00,487,42,529
A047,2016-04-22,03:41:00,294,37,331
A047,2016-04-23,04:30:00,423,23,447
A047,2016-04-24,04:40:00,455,32,488
A047,2016-04-25,02:17:00,467,44,511
A047,2016-04-26,04:21:00,466,67,533
A047,2016-04-27,00:51:00,436,45,488
A047,2016-04-28,01:20:00,395,28,434
A047,2016-04-29,02:27:00,381,22,404
A047,2016-04-30,03:44:30,481,39,520
A047,2016-05-01,05:33:30,462,51,513
A047,2016-05-02,02:39:00,297,44,341
A047,2016-05-03,03:24:00,388,48,436
A047,2016-05-04,03:58:00,595,53,649
A047,2016-05-05,02:47:00,496,48,544
A047,2016-05-06,03:21:00,579,22,601
A047,2016-05-07,03:13:30,307,34,345
A047,2016-05-08,02:43:30,230,26,256
A047,2016-05-09,03:16:00,489,21,510
A047,2016-05-10,10:09:00,306,37,343
A047,2016-05-11,03:26:00,420,42,462
A047,2016-05-12,05:45:30,394,22,416
A047,2016-05-13,04:36:30,276,19,295
A047,2016-05-14,04:59:00,534,30,564
A047,2016-05-15,03:58:00,638,27,665
A047,2016-05-16,02:56:30,416,56,472
A047,2016-05-17,04:02:30,355,31,386
A047,2016-05-18,02:18:30,629,67,696
A047,2016-05-19,03:31:00,358,39,397
A047,2016-05-20,02:37:00,344,16,360
A048,2016-04-01,03:35:00,237,16,260
A048,2016-04-02,05:05:00,312,26,339
A048,2016-04-03,01:32:00,481,24,511
A048,2016-04-04,04:17:00,256,15,278
A048,2016-04-05,03:13:00,271,31,302
A048,2016-04-06,03:40:00,314,18,339
A048,2016-04-07,04:11:00,305,15,320
A048,2016-04-08,04:00:00,223,3,234
A048,2016-04-09,01:12:00,384,53,447
A048,2016-04-10,03:02:00,368,34,402
A048,2016-04-11,03:51:00,299,42,341
A048,2016-04-12,03:04:00,376,48,428
A048,2016-04-13,03:10:00,403,16,433
A048,2016-04-14,03:30:00,308,23,331
A048,2016-04-15,00:01:00,409,34,446
A048,2016-04-16,03:21:00,333,44,377
A048,2016-04-17,04:26:30,313,39,352
A048,2016-04-18,02:40:00,327,35,368
A048,2016-04-19,04:02:00,261,14,275
A048,2016-04-20,02:49:00,335,28,363
A048,2016-04-21,04:43:00,294,19,313
A048,2016-04-22,02:34:00,299,23,322
A048,2016-04-24,04:11:00,364,21,393
A048,2016-04-25,04:00:00,260,28,289
A048,2016-04-26,03:47:00,354,33,392
A048,2016-04-27,01:34:00,382,13,396
A048,2016-04-28,05:04:00,256,30,286
A048,2016-04-29,02:09:00,351,27,378
A048,2016-05-02,06:32:00,130,9,139
A048,2016-05-03,04:15:00,264,13,284
A048,2016-05-04,04:21:30,304,20,329
A048,2016-05-05,02:43:00,507,35,542
A048,2016-05-06,04:02:00,357,29,386
A048,2016-05-07,04:26:30,196,21,218
A048,2016-05-08,03:39:00,406,35,441
A048,2016-05-09,03:02:00,375,23,398
A048,2016-05-10,02:55:00,376,55,431
A048,2016-05-11,00:53:00,388,53,443
A048,2016-05-12,03:30:00,253,29,282
A048,2016-05-13,02:03:30,304,48,356
A048,2016-05-14,00:43:00,483,56,539
A048,2016-05-16,03:07:00,340,35,375
A048,2016-05-17,02:25:30,321,44,365
A048,2016-05-18,03:04:00,357,47,404
A048,2016-05-19,02:27:00,347,29,376
A048,2016-05-20,02:54:00,294,32,326
A049,2016-04-01,04:46:00,282,14,296
A049,2016-04-02,02:36:00,296,23,320
A049,2016-04-03,01:17:30,468,25,497
A049,2016-04-04,02:07:00,368,31,399
A049,2016-04-05,02:51:30,291,17,308
A049,2016-04-06,03:12:00,278,17,295
A049,2016-04-07,03:15:30,284,24,308
A049,2016-04-08,05:47:00,315,26,346
A049,2016-04-09,03:36:30,250,9,259
A049,2016-04-10,22:10:30,782,75,857
A049,2016-04-11,02:07:30,316,29,345
A049,2016-04-12,02:42:30,364,12,376
A049,2016-04-13,03:36:00,453,60,513
A049,2016-04-14,03:31:00,339,22,361
A049,2016-04-15,02:20:00,528,31,560
A049,2016-04-16,04:29:00,455,26,481
A049,2016-04-17,04:38:00,377,27,404
A049,2016-04-18,05:43:00,195,16,211
A049,2016-04-19,03:25:30,298,31,330
A049,2016-04-20,03:48:00,259,21,280
A049,2016-04-21,03:57:30,293,21,315
A049,2016-04-22,03:31:00,915,45,962
A049,2016-04-23,04:01:00,525,31,556
A049,2016-04-24,05:50:00,315,11,326
A049,2016-04-25,03:57:00,202,44,246
A049,2016-04-26,23:22:30,171,12,183
A049,2016-04-27,03:58:30,241,9,250
A049,2016-04-28,03:39:30,290,23,315
A049,2016-04-29,03:29:00,673,46,719
A049,2016-04-30,03:05:30,722,61,786
A049,2016-05-01,04:14:00,286,44,330
A049,2016-05-02,02:38:00,295,36,331
A049,2016-05-03,03:14:30,266,16,289
A049,2016-05-04,02:35:00,345,21,366
A049,2016-05-05,04:47:00,356,22,386
A049,2016-05-06,02:39:30,618,55,673
A049,2016-05-07,04:12:00,525,37,562
A049,2016-05-08,01:54:00,382,42,424
A049,2016-05-09,04:34:30,378,24,407
A049,2016-05-10,03:46:30,312,16,328
A049,2016-05-11,05:03:30,193,19,214
A049,2016-05-12,05:28:00,206,6,212
A049,2016-05-13,04:05:00,714,27,741
A049,2016-05-14,04:26:00,595,27,622
A049,2016-05-15,03:23:00,531,37,570
A049,2016-05-16,03:04:30,289,14,303
A049,2016-05-17,03:30:30,337,10,347
A049,2016-05-18,02:39:30,328,28,356
A049,2016-05-19,03:41:00,324,10,334
A049,2016-05-20,21:08:30,880,160,1040
A050,2016-04-02,03:18:00,505,20,526
A050,2016-04-03,04:38:30,376,24,400
A050,2016-04-04,05:39:00,135,8,143
A050,2016-04-05,01:55:00,470,30,501
A050,2016-04-06,03:44:00,373,23,401
A050,2016-04-07,03:47:30,236,26,263
A050,2016-04-10,05:37:00,230,12,243
A050,2016-04-11,01:29:00,463,17,480
A050,2016-04-12,03:11:30,299,18,317
A050,2016-04-13,02:57:00,415,29,446
A050,2016-04-18,02:10:30,512,28,540
A050,2016-04-19,05:03:30,348,33,381
A050,2016-04-20,05:47:30,319,18,338
A050,2016-04-21,03:59:30,516,25,541
A050,2016-04-22,04:01:00,569,59,628
A050,2016-04-23,03:41:30,272,19,291
A050,2016-04-24,22:09:00,72,7,79
A050,2016-04-25,04:32:00,418,7,425
A050,2016-04-26,05:02:00,389,38,433
A050,2016-04-27,03:42:00,283,17,300
A050,2016-04-29,02:29:00,529,54,583
A050,2016-04-30,00:28:00,712,38,750
A052,2016-04-01,01:17:30,482,30,512
A052,2016-04-02,03:14:30,444,47,492
A052,2016-04-03,04:00:30,331,43,374
A052,2016-04-04,04:22:00,188,10,198
A052,2016-04-05,02:08:00,328,45,373
A052,2016-04-06,03:27:00,365,25,396
A052,2016-04-07,00:31:30,397,35,432
A052,2016-04-08,01:32:30,348,18,373
A052,2016-04-09,02:20:30,501,60,561
A052,2016-04-10,21:27:30,578,79,661
A052,2016-04-11,01:58:00,306,34,340
A052,2016-04-12,01:35:00,341,22,363
A052,2016-04-13,02:08:00,338,27,365
A052,2016-04-14,02:29:00,274,27,307
A052,2016-04-15,01:21:00,342,37,379
A052,2016-04-16,03:04:00,349,46,395
A052,2016-04-17,02:07:00,250,27,278
A052,2016-04-18,00:25:30,413,18,436
A052,2016-04-19,23:37:00,463,63,526
A052,2016-04-20,00:10:00,488,28,517
A052,2016-04-21,00:29:00,414,19,433
A052,2016-04-22,00:57:30,343,46,389
A052,2016-04-23,04:39:00,432,34,472
A052,2016-04-24,03:58:00,470,17,495
A052,2016-04-25,04:46:30,300,10,310
A052,2016-04-26,02:59:00,331,21,356
A052,2016-04-27,03:55:00,315,48,363
A052,2016-04-28,06:01:00,118,9,128
A052,2016-04-29,00:57:00,592,28,620
A052,2016-04-30,01:49:00,507,33,540
A052,2016-05-01,00:09:00,563,53,617
A052,2016-05-02,03:42:00,241,13,254
A052,2016-05-03,00:15:00,475,30,505
A052,2016-05-04,03:33:00,352,39,391
A052,2016-05-05,04:53:30,306,31,340
A052,2016-05-06,01:21:00,524,52,576
A052,2016-05-07,02:49:30,398,42,440
A052,2016-05-08,03:36:30,348,4,352
A052,2016-05-09,05:29:30,214,7,221
A052,2016-05-10,00:29:00,461,36,497
A052,2016-05-11,01:53:30,366,61,428
A052,2016-05-12,02:57:30,281,10,291
A052,2016-05-13,00:45:30,413,22,436
A052,2016-05-14,00:01:00,545,30,575
A052,2016-05-16,03:00:30,402,19,421
A052,2016-05-17,03:16:00,329,10,339
A052,2016-05-18,02:36:00,362,24,387
A052,2016-05-19,02:54:00,289,8,298
A052,2016-05-20,01:23:00,358,29,387
A053,2016-04-06,02:36:00,355,20,376
A053,2016-04-07,02:02:30,451,35,486
A053,2016-04-08,04:06:30,372,29,401
A053,2016-04-09,01:33:00,505,30,535
A053,2016-04-10,01:24:00,475,23,498
A053,2016-04-11,00:20:00,503,38,541
A053,2016-04-12,03:44:00,387,37,424
A053,2016-04-13,02:14:00,464,51,515
A053,2016-04-14,05:15:30,118,19,137
A053,2016-04-15,20:41:00,697,23,720
A053,2016-04-16,02:03:30,446,44,490
A053,2016-04-17,21:49:00,347,8,355
A053,2016-04-18,01:49:00,413,22,435
A053,2016-04-19,01:10:30,569,49,619
A053,2016-04-20,01:50:30,444,16,460
A053,2016-04-21,04:25:00,261,17,278
A053,2016-04-22,22:21:00,96,18,114
A053,2016-04-23,03:59:00,506,66,572
A053,2016-04-24,03:08:00,486,25,511
A053,2016-04-25,03:06:30,288,26,314
A053,2016-04-26,02:43:00,552,29,582
A053,2016-04-27,02:18:30,433,33,466
A053,2016-04-28,07:28:00,85,9,94
A053,2016-04-30,03:36:00,334,19,353
A053,2016-05-01,23:18:00,174,10,184
A053,2016-05-02,00:58:00,515,40,555
A053,2016-05-03,01:54:00,419,34,453
A053,2016-05-04,02:58:30,354,42,396
A053,2016-05-05,02:55:00,424,37,461
A053,2016-05-06,02:14:00,528,33,562
A053,2016-05-07,03:51:00,472,30,502
A053,2016-05-08,05:02:00,379,19,398
A053,2016-05-09,03:44:00,337,28,365
A053,2016-05-10,01:27:00,520,42,562
A053,2016-05-17,21:54:30,119,9,128
A053,2016-05-18,00:37:00,523,45,568
A053,2016-05-19,03:19:30,327,40,367
A053,2016-05-20,22:33:00,102,3,105
A054,2016-04-01,06:10:00,230,7,237
A054,2016-04-02,04:12:00,268,15,284
A054,2016-04-03,03:25:00,579,21,600
A054,2016-04-05,00:42:00,80,4,84
A054,2016-04-06,00:36:00,517,23,544
A054,2016-04-07,05:12:00,348,51,399
A054,2016-04-08,04:36:30,81,7,88
A054,2016-04-09,02:34:00,332,26,363
A054,2016-04-10,00:00:00,366,63,435
A054,2016-04-11,04:40:00,306,16,322
A054,2016-04-13,06:09:30,124,17,141
A054,2016-04-14,21:08:30,724,19,743
A054,2016-04-15,05:15:00,114,4,119
A054,2016-04-16,03:56:30,383,25,409
A054,2016-04-17,01:43:00,554,35,589
A054,2016-04-18,05:10:00,176,26,204
A054,2016-04-19,03:24:00,410,16,426
A054,2016-04-20,05:29:00,137,5,142
A054,2016-04-21,04:51:00,307,30,346
A054,2016-04-22,04:55:00,211,19,232
A054,2016-04-23,04:22:00,215,37,252
A054,2016-04-24,08:00:00,365,25,390
A054,2016-04-25,05:14:00,222,9,239
A054,2016-04-26,04:28:30,299,17,324
A054,2016-04-27,05:26:00,186,15,201
A054,2016-04-28,04:32:00,323,24,348
A054,2016-04-29,02:00:30,261,12,273
A054,2016-04-30,04:17:00,585,43,628
A054,2016-05-01,00:39:00,71,2,73
A054,2016-05-02,23:28:00,497,29,526
A054,2016-05-03,05:05:00,247,20,271
A054,2016-05-04,02:17:30,369,21,390
A054,2016-05-05,00:46:00,191,12,203
A054,2016-05-06,03:48:00,217,15,233
A054,2016-05-07,23:14:00,649,48,697
A054,2016-05-08,00:10:30,562,36,598
A054,2016-05-09,04:17:00,232,29,261
A054,2016-05-10,03:26:00,274,11,286
A054,2016-05-11,01:31:00,367,39,412
A054,2016-05-12,04:34:00,316,18,334
A054,2016-05-13,04:30:00,160,19,179
A054,2016-05-14,04:22:00,354,27,381
A054,2016-05-15,06:09:00,399,52,451
A054,2016-05-16,01:04:00,441,37,478
A054,2016-05-17,04:43:00,295,26,321
A054,2016-05-18,03:34:00,265,24,289
A054,2016-05-19,05:13:30,273,16,289
A054,2016-05-20,02:23:00,287,17,304
A056,2016-04-01,02:44:30,396,25,421
A056,2016-04-02,03:29:00,391,54,445
A056,2016-04-03,04:06:30,221,27,248
A056,2016-04-04,02:17:00,377,43,420
A056,2016-04-05,03:41:00,465,30,499
A056,2016-04-06,03:27:00,227,17,245
A056,2016-04-07,03:42:00,295,11,306
A056,2016-04-08,03:12:00,432,49,482
A056,2016-04-10,02:24:30,307,17,324
A056,2016-04-11,01:42:30,343,23,366
A056,2016-04-13,05:59:30,220,15,235
A056,2016-04-14,00:43:00,60,3,69
A056,2016-04-15,07:08:00,167,3,172
A056,2016-04-16,04:20:00,399,31,431
A056,2016-04-17,01:13:00,372,23,396
A056,2016-04-18,09:03:30,189,12,201
A056,2016-04-20,22:51:30,199,8,207
A056,2016-04-21,03:42:00,342,15,357
A056,2016-04-22,04:30:00,460,25,485
A056,2016-04-23,05:32:30,386,53,439
A056,2016-04-24,02:19:30,300,7,313
A056,2016-04-26,03:32:30,405,30,435
A056,2016-04-27,04:05:30,472,17,498
A056,2016-04-28,03:48:30,147,18,165
A056,2016-04-30,03:07:00,626,47,673
A056,2016-05-01,01:14:30,363,18,381
A056,2016-05-02,02:29:30,414,24,438
A056,2016-05-04,03:19:30,239,7,246
A056,2016-05-06,03:08:30,356,41,397
A056,2016-05-07,03:52:00,202,7,210
A056,2016-05-08,02:11:30,285,18,314
A056,2016-05-09,22:06:30,625,84,714
A056,2016-05-10,02:15:00,356,26,385
A056,2016-05-11,03:37:00,272,32,304
A056,2016-05-12,04:15:30,464,32,504
A056,2016-05-13,03:50:30,215,41,256
A056,2016-05-14,15:30:00,80,8,88
A056,2016-05-15,03:20:00,283,11,296
A056,2016-05-16,02:26:30,301,21,322
A056,2016-05-17,05:05:00,405,40,445
A056,2016-05-18,02:25:30,286,18,304
A056,2016-05-19,22:49:00,104,8,112
A056,2016-05-20,04:02:30,422,42,464
A057,2016-05-01,23:50:30,577,55,632
A057,2016-05-02,00:53:00,400,28,428
A057,2016-05-03,23:13:00,550,16,566
A057,2016-05-04,01:42:30,387,19,406
A057,2016-05-05,02:17:00,333,11,350
A057,2016-05-07,23:37:30,481,34,515
A057,2016-05-09,23:23:00,593,93,686
A057,2016-05-10,02:11:00,357,24,381
A057,2016-05-11,23:22:30,512,50,562
A057,2016-05-12,00:43:30,387,24,417
A057,2016-05-13,01:41:30,561,22,583
A057,2016-05-17,23:27:00,509,49,558
A057,2016-05-18,00:18:00,477,33,510
A057,2016-05-19,03:13:30,239,26,265
A057,2016-05-20,00:16:00,393,14,408
A058,2016-04-02,00:29:30,401,38,439
A058,2016-04-03,23:48:00,471,24,495
A058,2016-04-04,22:39:00,566,34,600
A058,2016-04-05,00:10:30,426,9,435
A058,2016-04-06,00:33:00,399,7,406
A058,2016-04-07,23:45:00,447,20,467
A058,2016-04-08,01:02:00,373,14,388
A058,2016-04-09,22:58:30,394,16,411
A058,2016-04-10,03:00:30,320,37,357
A058,2016-04-11,00:28:30,404,40,444
A058,2016-04-12,02:08:00,303,26,333
A058,2016-04-13,23:19:00,516,35,551
A058,2016-04-14,23:52:00,440,29,469
A058,2016-04-15,07:55:00,60,6,66
A058,2016-04-16,01:13:00,481,16,497
A058,2016-04-17,01:58:30,463,31,494
A058,2016-04-18,00:33:00,506,33,539
A058,2016-04-19,01:25:00,340,29,369
A058,2016-04-20,00:55:00,382,21,403
A058,2016-04-21,00:46:00,372,39,411
A058,2016-04-22,03:01:30,244,11,255
A058,2016-04-23,04:02:00,400,22,422
A058,2016-04-24,21:10:30,628,7,635
A058,2016-04-25,01:37:00,437,19,456
A058,2016-04-26,01:29:30,499,76,575
A058,2016-04-27,01:19:00,329,16,348
A058,2016-04-28,01:05:30,361,20,381
A058,2016-04-29,06:20:00,120,9,129
A058,2016-04-30,02:21:30,399,17,416
A058,2016-05-01,00:27:30,556,21,577
A058,2016-05-03,00:32:30,544,36,580
A058,2016-05-04,01:54:30,386,33,419
A058,2016-05-05,02:11:30,427,14,441
A058,2016-05-06,01:57:00,317,23,340
A058,2016-05-07,00:29:00,581,36,619
A058,2016-05-08,03:49:30,184,19,204
A058,2016-05-09,01:43:00,535,25,560
A058,2016-05-10,01:31:00,546,79,625
A058,2016-05-11,02:12:30,286,25,311
A058,2016-05-12,01:12:30,358,18,376
A058,2016-05-13,01:13:00,397,21,418
A058,2016-05-14,00:51:30,346,31,380
A058,2016-05-15,01:36:00,397,27,424
A058,2016-05-16,23:06:00,483,19,502
A058,2016-05-17,00:19:30,398,40,438
A058,2016-05-18,01:19:30,347,21,368
A058,2016-05-19,01:22:00,356,19,375
A059,2016-04-01,04:49:30,449,10,459
A059,2016-04-02,03:13:30,143,9,152
A059,2016-04-03,02:36:30,457,18,475
A059,2016-04-04,01:50:30,452,24,476
A059,2016-04-07,03:27:30,483,34,517
A059,2016-04-08,01:48:30,354,28,382
A059,2016-04-09,03:26:00,359,22,381
A059,2016-04-10,01:50:30,134,2,136
A059,2016-04-11,05:22:30,173,8,182
A059,2016-04-12,02:58:00,355,22,377
A059,2016-04-14,02:39:00,327,33,360
A059,2016-04-15,03:02:00,485,20,505
A059,2016-04-16,01:31:00,671,17,688
A059,2016-04-17,01:41:00,344,24,376
A059,2016-04-23,02:35:00,516,9,526
A059,2016-04-24,06:52:30,404,19,423
A059,2016-04-25,03:55:30,350,21,372
A059,2016-04-26,15:51:00,59,4,63
A059,2016-04-27,03:49:00,319,29,348
A059,2016-04-28,04:52:30,404,31,435
A059,2016-04-30,16:08:00,73,9,82
A059,2016-05-02,11:45:30,883,0,892
A059,2016-05-04,03:11:00,384,18,408
A059,2016-05-05,05:05:00,401,13,414
A059,2016-05-06,19:59:00,86,7,93
A059,2016-05-11,05:02:00,223,4,227
A059,2016-05-13,01:59:30,536,37,573
A059,2016-05-14,02:37:00,367,16,383
A059,2016-05-15,02:54:00,423,34,457
A060,2016-04-01,01:25:00,322,32,355
A060,2016-04-02,21:32:00,632,45,677
A060,2016-04-03,00:51:00,590,33,623
A060,2016-04-04,00:46:00,415,21,436
A060,2016-04-05,23:09:30,457,24,484
A060,2016-04-06,00:22:30,416,14,431
A060,2016-04-07,00:05:30,371,20,391
A060,2016-04-08,00:22:00,413,17,430
A060,2016-04-09,03:23:00,392,21,413
A060,2016-04-10,03:02:00,344,35,379
A060,2016-04-11,01:40:00,363,18,381
A060,2016-04-12,01:22:00,354,24,378
A060,2016-04-13,03:01:30,305,16,323
A060,2016-04-14,00:09:00,339,20,359
A060,2016-04-15,23:59:30,421,30,451
A060,2016-04-16,00:20:30,530,33,563
A060,2016-04-17,01:13:00,421,23,447
A060,2016-04-18,00:38:00,401,22,423
A060,2016-04-19,00:22:00,390,31,421
A060,2016-04-20,23:45:00,426,41,470
A060,2016-04-21,00:46:00,327,20,347
A060,2016-04-22,00:40:00,368,41,414
A060,2016-04-23,00:08:30,454,27,484
A060,2016-04-24,01:18:30,457,38,495
A060,2016-04-25,00:48:30,397,28,425
A060,2016-04-26,23:56:00,409,38,448
A060,2016-04-27,00:48:30,355,45,403
A060,2016-04-28,01:59:00,259,15,274
A060,2016-04-29,00:58:00,383,20,403
A060,2016-04-30,01:01:30,598,33,632
A060,2016-05-01,03:06:30,337,16,353
A060,2016-05-02,01:54:00,311,27,338
A060,2016-05-03,23:59:30,442,14,457
A060,2016-05-04,03:35:00,228,18,246
A060,2016-05-14,13:43:00,398,75,476
A060,2016-05-15,13:45:30,400,24,424
A060,2016-05-16,14:49:00,328,21,349
A060,2016-05-17,14:13:00,366,24,390
A060,2016-05-19,08:03:30,127,27,154
A061,2016-04-04,14:41:30,150,7,157
A061,2016-04-06,01:59:00,389,16,405
A061,2016-04-08,00:21:00,437,13,450
A061,2016-04-09,07:26:00,372,24,396
A061,2016-04-10,23:12:00,581,41,623
A061,2016-04-14,05:01:00,255,19,274
A061,2016-04-16,04:07:00,497,20,517
A061,2016-04-17,08:16:00,420,18,438
A061,2016-04-18,06:39:00,377,19,396
A061,2016-04-19,10:06:00,61,8,69
A061,2016-04-20,03:27:00,502,43,545
A061,2016-04-21,07:55:00,235,24,262
A061,2016-04-22,03:49:30,392,61,464
A061,2016-04-23,15:19:00,254,42,299
A061,2016-04-26,04:52:00,584,70,654
A061,2016-04-27,14:10:00,119,12,131
A061,2016-04-28,03:56:00,461,48,509
A061,2016-04-29,13:30:00,275,19,294
A061,2016-05-01,21:13:00,279,17,296
A061,2016-05-05,06:14:00,609,35,650
A061,2016-05-06,06:16:00,322,8,330
A061,2016-05-07,00:36:00,225,23,248
A061,2016-05-08,01:48:00,367,26,393
A061,2016-05-09,03:20:00,57,8,65
A061,2016-05-10,12:15:30,58,3,61
A061,2016-05-17,20:52:00,349,11,360
A061,2016-05-18,07:53:00,225,18,243
A062,2016-04-01,02:31:30,285,28,317
A062,2016-04-02,06:04:00,239,15,267
A062,2016-04-03,05:32:00,356,33,393
A062,2016-04-04,05:39:00,317,15,332
A062,2016-04-05,04:18:30,350,12,363
A062,2016-04-06,05:52:00,217,3,231
A062,2016-04-08,02:16:00,446,32,478
A062,2016-04-09,08:21:00,234,26,260
A062,2016-04-10,06:11:00,441,22,465
A062,2016-04-11,05:11:00,234,12,247
A062,2016-04-12,03:02:00,350,38,388
A062,2016-04-13,05:57:00,239,9,248
A062,2016-04-22,06:07:30,390,13,404
A062,2016-04-25,15:58:30,167,14,181
A062,2016-04-27,03:35:30,411,16,436
A062,2016-04-28,04:54:30,249,6,255
A062,2016-04-30,04:01:30,305,22,327
A062,2016-05-01,23:10:00,462,26,493
A062,2016-05-02,05:01:00,370,25,395
A062,2016-05-03,04:38:30,279,16,295
A062,2016-05-04,05:40:30,282,42,324
A062,2016-05-06,03:55:00,377,30,409
A062,2016-05-07,03:37:30,310,29,339
A062,2016-05-10,03:04:30,332,14,346
A062,2016-05-12,06:05:30,174,19,198
A062,2016-05-13,02:02:00,504,21,525
A062,2016-05-16,03:27:00,378,8,387
A062,2016-05-17,02:14:30,432,16,448
A062,2016-05-18,02:04:00,418,26,445
A062,2016-05-19,03:17:00,382,12,394
A062,2016-05-20,04:11:30,400,14,414
A063,2016-04-01,03:11:30,308,14,324
A063,2016-04-02,05:27:00,360,15,375
A063,2016-04-04,02:26:00,423,16,439
A063,2016-04-07,05:34:00,166,6,178
A063,2016-04-08,01:23:30,569,26,595
A063,2016-04-10,02:06:00,472,30,502
A063,2016-04-11,02:49:30,442,9,455
A063,2016-04-12,03:15:30,304,6,312
A063,2016-04-13,05:24:30,373,26,399
A063,2016-04-14,03:46:30,261,20,281
A063,2016-04-15,04:40:30,443,34,477
A063,2016-04-16,03:59:00,203,31,234
A063,2016-04-17,03:50:00,376,45,423
A063,2016-04-18,02:47:30,238,14,252
A063,2016-04-19,04:14:00,273,18,291
A063,2016-04-20,04:28:00,189,6,195
A063,2016-04-21,00:33:00,460,42,502
A063,2016-04-22,01:18:30,495,44,539
A063,2016-04-23,03:57:00,373,20,393
A063,2016-04-24,03:48:30,334,11,345
A063,2016-04-27,03:50:30,312,14,326
A063,2016-04-30,23:23:30,69,6,75
A065,2016-04-01,03:51:00,526,27,553
A065,2016-04-02,02:21:30,510,14,524
A065,2016-04-04,01:18:00,551,17,568
A065,2016-04-05,03:51:00,217,20,237
A065,2016-04-06,03:23:00,395,23,420
A065,2016-04-07,03:36:30,417,19,436
A065,2016-04-08,02:00:30,453,35,489
A065,2016-04-09,01:23:30,518,29,548
A065,2016-04-10,03:07:30,125,17,142
A065,2016-04-11,00:35:00,481,20,501
A065,2016-04-12,01:13:00,413,20,433
A065,2016-04-13,02:05:00,615,32,647
A065,2016-04-14,00:47:00,451,11,462
A065,2016-04-15,02:27:30,562,39,610
A065,2016-04-16,01:02:00,348,19,367
A065,2016-04-18,01:19:30,401,46,448
A065,2016-04-19,01:50:30,361,32,393
A065,2016-04-20,02:50:00,314,21,335
A065,2016-04-21,01:43:30,386,25,411
A065,2016-04-22,02:12:30,700,15,715
A065,2016-04-23,02:39:00,494,25,519
A065,2016-04-24,01:46:00,451,14,465
A065,2016-04-25,01:37:00,413,15,428
A065,2016-04-26,00:53:00,428,21,449
A065,2016-04-28,15:54:00,178,5,183
A065,2016-04-29,02:19:00,496,31,527
A065,2016-04-30,23:25:00,61,1,62
A065,2016-05-01,00:51:00,496,19,515
A065,2016-05-02,01:10:00,545,35,580
A065,2016-05-03,00:44:00,421,39,460
A065,2016-05-04,00:15:00,444,39,483
A065,2016-05-05,23:13:30,759,91,851
A065,2016-05-06,02:24:30,561,34,595
A065,2016-05-07,03:04:00,500,15,515
A065,2016-05-08,01:05:30,481,30,511
A065,2016-05-09,01:14:30,571,9,580
A065,2016-05-10,01:31:00,389,21,410
A065,2016-05-11,02:20:00,346,14,360
A065,2016-05-12,04:00:00,408,14,422
A065,2016-05-13,02:54:30,434,20,454
A065,2016-05-14,01:50:30,629,23,652
A065,2016-05-15,02:14:00,368,35,403
A065,2016-05-16,00:16:30,478,17,495
A065,2016-05-17,03:23:30,241,20,261
A065,2016-05-18,23:44:00,508,18,526
A065,2016-05-19,01:34:00,415,13,428
A065,2016-05-20,02:22:00,519,24,543
A068,2016-04-01,02:13:30,277,4,281
A068,2016-04-02,02:15:30,369,14,383
A068,2016-04-03,20:19:00,627,72,699
A068,2016-04-04,02:32:00,304,30,334
A068,2016-04-05,02:39:30,297,10,307
A068,2016-04-06,00:01:30,466,23,490
A068,2016-04-07,03:33:30,312,15,328
A068,2016-04-08,01:27:00,349,54,403
A068,2016-04-09,02:01:30,544,58,602
A068,2016-04-10,01:47:30,611,51,662
A068,2016-04-11,03:10:30,242,17,259
A068,2016-04-12,02:13:30,203,7,210
A068,2016-04-13,02:43:00,435,25,460
A068,2016-04-14,04:04:30,275,18,293
A068,2016-04-15,03:23:30,265,19,284
A068,2016-04-16,01:56:00,318,19,337
A068,2016-04-17,03:37:30,421,26,454
A068,2016-04-18,02:37:00,302,19,321
A068,2016-04-19,03:26:00,257,16,273
A068,2016-04-20,03:34:00,269,10,280
A068,2016-04-21,01:43:00,367,20,387
A068,2016-04-22,01:49:00,342,29,371
A068,2016-04-23,03:36:00,528,26,554
A068,2016-04-24,02:46:30,306,12,319
A068,2016-04-25,01:49:00,392,8,400
A068,2016-04-26,23:39:00,486,22,509
A068,2016-04-27,00:12:00,404,50,454
A068,2016-04-28,01:24:00,444,22,466
A068,2016-04-29,01:15:00,378,31,412
A068,2016-04-30,03:41:00,226,13,239
A068,2016-05-01,00:29:30,670,27,702
A068,2016-05-02,02:53:30,294,22,316
A068,2016-05-03,01:21:00,362,47,409
A068,2016-05-04,00:49:30,419,21,440
A068,2016-05-05,02:37:30,339,30,369
A068,2016-05-06,02:35:30,428,51,480
A068,2016-05-07,00:46:00,595,26,621
A068,2016-05-08,01:54:30,532,50,582
A068,2016-05-09,02:38:00,293,38,331
A068,2016-05-10,03:03:00,300,6,306
A068,2016-05-11,03:00:00,294,20,314
A068,2016-05-12,03:01:00,324,36,360
A068,2016-05-13,02:30:00,322,16,338
A068,2016-05-14,04:09:30,279,22,301
A068,2016-05-15,18:09:00,820,64,884
A068,2016-05-16,01:40:00,358,31,389
A068,2016-05-17,02:38:00,305,26,331
A068,2016-05-18,00:55:00,409,25,434
A068,2016-05-19,08:36:00,232,27,259
A068,2016-05-20,02:11:00,324,17,342
A071,2016-04-01,00:50:30,53,5,63
A071,2016-04-02,01:56:30,311,24,336
A071,2016-04-03,01:31:00,502,24,526
A071,2016-04-04,02:45:00,375,40,415
A071,2016-04-05,03:08:00,175,3,178
A071,2016-04-06,02:10:30,370,31,402
A071,2016-04-07,02:03:30,386,28,417
A071,2016-04-08,03:53:00,342,26,373
A071,2016-04-09,03:32:00,284,24,308
A071,2016-04-10,02:56:30,89,10,99
A071,2016-04-11,01:20:00,356,43,399
A071,2016-04-12,03:38:30,132,9,142
A071,2016-04-13,04:03:00,352,36,388
A071,2016-04-14,02:03:30,283,19,303
A071,2016-04-15,04:34:00,213,14,230
A071,2016-04-16,03:53:30,377,65,442
A071,2016-04-17,01:36:00,274,35,309
A071,2016-04-18,04:15:30,223,31,254
A071,2016-04-19,03:50:30,322,28,350
A071,2016-04-20,02:40:00,295,13,308
A071,2016-04-21,01:50:00,379,30,409
A071,2016-04-22,03:06:30,300,13,313
A071,2016-04-23,23:52:00,564,27,591
A071,2016-04-24,02:33:00,429,49,478
A071,2016-04-25,02:23:00,317,24,341
A071,2016-04-26,03:39:00,270,18,288
A071,2016-04-27,03:10:30,339,24,363
A071,2016-04-28,01:40:30,325,37,362
A071,2016-04-29,12:32:30,154,3,160
A071,2016-04-30,01:34:00,419,46,465
A071,2016-05-01,23:51:30,559,48,607
A071,2016-05-04,01:58:00,372,46,418
A071,2016-05-05,02:00:30,457,80,537
A071,2016-05-07,00:57:00,505,68,573
A071,2016-05-08,01:00:00,393,40,433
A071,2016-05-09,01:40:00,306,20,327
A071,2016-05-10,18:50:00,59,3,62
A071,2016-05-11,00:47:30,352,51,403
A072,2016-04-02,01:57:00,351,18,371
A072,2016-04-03,23:01:00,665,30,695
A072,2016-04-04,02:21:00,517,15,534
A072,2016-04-05,02:14:00,423,5,428
A072,2016-04-06,02:40:00,316,8,325
A072,2016-04-07,01:25:00,414,19,433
A072,2016-04-08,02:26:30,510,17,527
A072,2016-04-09,00:24:00,482,10,492
A072,2016-04-10,02:11:00,387,28,416
A072,2016-04-11,02:49:00,351,18,369
A072,2016-04-12,01:03:00,477,19,496
A072,2016-04-13,00:54:00,580,6,586
A072,2016-04-14,01:51:00,357,14,371
A072,2016-04-15,01:46:00,563,17,580
A072,2016-04-16,03:26:00,240,9,263
A072,2016-04-17,01:45:00,548,19,573
A072,2016-04-18,04:15:00,283,8,291
A072,2016-04-19,01:54:00,498,21,519
A072,2016-04-20,05:53:30,196,15,211
A072,2016-04-21,00:11:00,451,21,472
A072,2016-04-22,21:13:00,667,8,675
A072,2016-04-23,02:44:00,421,12,433
A072,2016-04-24,02:17:00,487,24,511
A072,2016-04-25,00:53:00,454,20,474
A072,2016-04-26,02:30:00,461,17,485
A072,2016-04-27,02:16:00,366,11,384
A072,2016-04-28,02:23:00,329,8,337
A072,2016-04-29,01:18:00,635,18,653
A072,2016-04-30,04:02:00,242,14,256
A072,2016-05-01,02:18:00,510,28,538
A072,2016-05-02,02:22:00,519,9,528
A072,2016-05-03,03:17:00,417,22,440
A072,2016-05-04,02:23:00,299,36,335
A072,2016-05-05,20:48:00,763,42,819
A072,2016-05-06,01:41:00,590,31,621
A072,2016-05-07,02:50:00,476,39,515
A072,2016-05-08,02:10:00,536,25,561
A072,2016-05-09,02:24:00,389,46,439
A072,2016-05-10,02:00:00,503,17,520
A072,2016-05-11,03:28:00,273,2,275
A072,2016-05-12,05:11:00,172,19,191
A072,2016-05-13,07:30:00,195,7,202
A072,2016-05-14,01:21:30,540,22,562
A072,2016-05-15,01:55:00,483,33,517
A072,2016-05-16,03:06:00,295,21,317
A072,2016-05-17,02:12:00,473,69,542
A072,2016-05-18,02:22:30,292,13,305
A072,2016-05-20,01:05:00,480,18,498
A073,2016-04-01,03:35:00,237,16,260
A073,2016-04-02,05:05:00,312,26,339
A073,2016-04-03,01:32:00,481,24,511
A073,2016-04-04,04:17:00,256,15,278
A073,2016-04-05,03:13:00,271,31,302
A073,2016-04-06,03:40:00,314,18,339
A073,2016-04-07,04:11:00,305,15,320
A073,2016-04-08,04:00:00,223,3,234
A073,2016-04-09,01:12:00,384,53,447
A073,2016-04-10,03:02:00,368,34,402
A073,2016-04-11,03:51:00,299,42,341
A073,2016-04-12,03:04:00,376,48,428
A073,2016-04-13,03:10:00,403,16,433
A073,2016-04-14,03:30:00,308,23,331
A073,2016-04-15,00:01:00,409,34,446
A073,2016-04-16,03:21:00,333,44,377
A073,2016-04-17,04:26:30,313,39,352
A073,2016-04-18,02:40:00,327,35,368
A073,2016-04-19,04:02:00,261,14,275
A073,2016-04-20,02:49:00,335,28,363
A073,2016-04-21,04:43:00,294,19,313
A073,2016-04-22,02:34:00,299,23,322
A073,2016-04-24,04:11:00,364,21,393
A073,2016-04-25,04:00:00,260,28,289
A073,2016-04-26,03:47:00,354,33,392
A073,2016-04-27,01:34:00,382,13,396
A073,2016-04-28,05:04:00,256,30,286
A073,2016-04-29,02:09:00,351,27,378
A073,2016-05-02,06:32:00,130,9,139
A073,2016-05-03,04:15:00,264,13,284
A073,2016-05-04,04:21:30,304,20,329
A073,2016-05-05,02:43:00,507,35,542
A073,2016-05-06,04:02:00,357,29,386
A073,2016-05-07,04:26:30,196,21,218
A073,2016-05-08,03:39:00,406,35,441
A073,2016-05-09,03:02:00,375,23,398
A073,2016-05-10,02:55:00,376,55,431
A073,2016-05-11,00:53:00,388,53,443
A073,2016-05-12,03:30:00,253,29,282
A073,2016-05-13,02:03:30,304,48,356
A073,2016-05-14,00:43:00,483,56,539
A073,2016-05-16,03:07:00,340,35,375
A073,2016-05-17,02:25:30,321,44,365
A073,2016-05-18,03:04:00,357,47,404
A073,2016-05-19,02:27:00,347,29,376
A073,2016-05-20,02:54:00,294,32,326
A080,2016-04-01,04:21:00,341,15,356
A080,2016-04-04,01:27:30,381,37,418
A080,2016-04-05,00:16:00,457,62,519
A080,2016-04-06,02:37:00,402,28,430
A080,2016-04-07,02:24:00,296,29,328
A080,2016-04-08,04:12:00,446,22,468
A080,2016-04-09,02:30:00,460,49,509
A080,2016-04-10,03:56:30,239,22,261
A080,2016-04-11,00:14:30,460,43,504
A080,2016-04-12,02:07:00,370,23,395
A080,2016-04-13,05:27:00,340,46,387
A080,2016-04-14,01:51:00,313,36,349
A080,2016-04-15,04:08:00,409,40,449
A080,2016-04-16,06:07:30,480,83,563
A080,2016-04-17,02:38:00,526,91,617
A080,2016-04-18,03:28:00,286,20,306
A080,2016-04-19,04:45:30,229,28,257
A080,2016-04-20,03:52:30,265,43,308
A080,2016-04-21,17:34:30,180,25,205
A080,2016-04-22,05:59:00,455,26,482
A080,2016-04-23,04:52:00,389,32,421
A080,2016-04-24,04:10:00,462,68,530
A080,2016-04-25,01:46:00,365,32,397
A080,2016-04-26,02:13:00,354,31,385
A080,2016-04-27,00:40:00,433,45,478
A080,2016-04-28,01:20:30,343,34,377
A080,2016-04-29,02:11:30,457,50,507
A080,2016-04-30,02:50:30,291,38,329
A080,2016-05-01,03:00:00,454,91,546
A080,2016-05-02,01:34:30,372,47,419
A080,2016-05-03,00:34:30,426,57,483
A080,2016-05-04,00:27:00,420,63,484
A080,2016-05-05,01:12:00,508,80,588
A080,2016-05-07,03:07:00,478,54,532
A080,2016-05-08,03:32:00,558,34,592
A080,2016-05-09,03:30:00,272,48,320
A080,2016-05-10,01:47:30,377,49,427
A080,2016-05-11,02:11:30,456,56,512
A080,2016-05-12,02:48:00,274,33,308
A080,2016-05-13,15:44:00,85,8,93
A080,2016-05-14,07:41:00,386,42,428
A080,2016-05-15,03:49:00,475,43,518
A080,2016-05-16,02:35:00,301,54,355
A080,2016-05-17,00:59:00,422,63,495
A080,2016-05-18,00:30:00,430,51,481
A080,2016-05-19,00:07:00,391,56,448
A080,2016-05-20,04:53:30,441,76,517
A081,2016-04-01,01:29:30,370,53,423
A081,2016-04-02,03:04:30,220,181,412
A081,2016-04-03,01:49:00,372,16,388
A081,2016-04-04,03:04:30,376,31,407
A081,2016-04-05,03:00:00,262,31,293
A081,2016-04-06,05:02:00,228,15,243
A081,2016-04-07,03:38:30,287,36,324
A081,2016-04-09,04:39:30,401,16,417
A081,2016-04-10,03:22:00,476,46,523
A081,2016-04-11,04:03:30,412,37,455
A081,2016-04-12,04:18:00,182,15,201
A081,2016-04-13,02:55:30,442,66,509
A081,2016-04-14,05:24:30,230,21,251
A081,2016-04-15,03:58:00,359,17,376
A081,2016-04-16,02:31:00,433,40,473
A081,2016-04-17,04:51:00,471,41,522
A081,2016-04-18,01:38:00,455,65,520
A081,2016-04-19,03:33:30,276,23,299
A081,2016-04-20,04:50:30,145,4,157
A081,2016-04-21,06:51:30,171,17,188
A081,2016-04-23,16:14:00,783,53,841
A081,2016-04-24,04:34:00,334,29,363
A081,2016-04-25,03:16:00,324,27,351
A081,2016-04-26,04:28:30,227,12,239
A081,2016-04-27,04:06:00,186,23,209
A081,2016-04-28,07:07:30,77,6,83
A081,2016-04-29,03:40:30,237,37,274
A081,2016-04-30,04:18:30,113,18,131
A081,2016-05-01,02:27:30,526,45,577
A081,2016-05-02,02:29:00,475,69,544
A081,2016-05-04,03:29:00,270,23,293
A081,2016-05-05,02:47:00,437,40,477
A081,2016-05-06,03:18:00,388,37,425
A081,2016-05-07,05:04:00,339,42,381
A081,2016-05-09,03:28:30,430,23,453
A081,2016-05-10,05:05:00,204,25,229
A081,2016-05-11,03:54:00,205,10,215
A081,2016-05-12,03:32:30,399,34,438
A081,2016-05-13,04:48:30,196,25,224
A081,2016-05-14,02:13:30,600,61,661
A081,2016-05-15,21:04:30,183,10,193
A081,2016-05-16,03:26:30,350,44,395
A081,2016-05-17,23:32:00,446,53,499
A081,2016-05-18,02:33:30,271,33,305
A081,2016-05-19,04:51:00,283,45,328
A083,2016-04-01,02:23:00,513,15,528
A083,2016-04-02,02:07:00,382,26,408
A083,2016-04-03,02:23:30,333,23,356
A083,2016-04-04,01:42:00,459,28,487
A083,2016-04-05,02:15:30,420,14,436
A083,2016-04-06,02:29:00,502,20,522
A083,2016-04-07,02:30:00,368,16,384
A083,2016-04-08,01:47:00,369,9,378
A083,2016-04-09,04:36:00,185,6,191
A083,2016-04-10,00:54:30,512,21,534
A083,2016-04-11,02:38:30,390,12,402
A083,2016-04-12,03:29:00,295,6,301
A083,2016-04-13,02:09:30,526,27,554
A083,2016-04-14,03:53:00,277,18,295
A083,2016-04-15,01:57:00,334,25,359
A083,2016-04-16,00:28:00,253,11,269
A083,2016-04-17,04:03:00,376,22,398
A083,2016-04-18,03:04:30,319,6,325
A083,2016-04-19,01:24:30,400,29,429
A083,2016-04-20,04:53:30,326,8,335
A083,2016-04-21,03:16:00,305,16,321
A083,2016-04-22,00:42:30,431,47,478
A083,2016-04-23,02:28:00,321,36,357
A083,2016-04-24,03:47:00,189,5,194
A083,2016-04-25,03:07:30,360,8,368
A083,2016-04-26,03:04:00,331,13,344
A083,2016-04-27,04:08:30,477,16,493
A083,2016-04-28,02:43:00,356,14,370
A083,2016-04-29,04:26:30,214,8,222
A083,2016-04-30,23:45:00,712,14,726
A083,2016-05-01,03:19:30,471,60,531
A083,2016-05-02,02:14:00,392,44,436
A083,2016-05-03,02:26:00,373,13,387
A083,2016-05-04,04:52:30,350,43,396
A083,2016-05-05,02:22:30,257,22,279
A083,2016-05-06,02:55:30,376,37,419
A083,2016-05-07,01:49:00,470,40,510
A083,2016-05-08,02:16:30,461,16,477
A083,2016-05-09,05:01:30,306,12,318
A083,2016-05-10,02:17:30,362,40,403
A083,2016-05-11,03:13:00,458,9,468
A083,2016-05-12,02:25:30,377,8,385
A083,2016-05-13,01:37:00,311,9,320
A083,2016-05-14,03:22:30,263,8,278
A083,2016-05-15,04:35:00,199,13,216
A083,2016-05-16,01:21:30,435,8,445
A083,2016-05-18,02:11:00,506,18,524
A083,2016-05-19,03:05:00,224,30,255
A083,2016-05-20,02:15:30,330,15,346
A084,2016-04-01,05:58:00,186,11,202
A084,2016-04-02,04:48:30,371,9,382
A084,2016-04-06,03:40:00,279,8,287
A084,2016-04-07,03:11:00,434,20,454
A084,2016-04-08,23:35:00,509,18,527
A084,2016-04-09,02:26:30,402,12,414
A084,2016-04-10,04:14:30,452,15,467
A084,2016-04-11,02:59:30,335,15,353
A084,2016-04-12,05:40:00,430,0,430
A084,2016-04-13,03:52:00,342,10,357
A084,2016-04-15,02:55:00,421,9,430
A084,2016-04-16,04:01:30,245,9,254
A084,2016-04-17,00:35:30,532,20,552
A084,2016-04-18,05:05:30,253,3,257
A084,2016-04-19,02:50:00,544,9,553
A084,2016-04-21,03:42:00,316,7,326
A084,2016-04-24,23:03:30,660,30,697
A084,2016-04-25,03:35:30,269,7,276
A084,2016-04-26,06:55:00,326,10,336
A084,2016-04-27,03:41:00,291,11,304
A084,2016-04-28,03:46:00,463,12,475
A084,2016-04-29,22:13:00,208,5,213
A084,2016-05-01,05:10:30,339,7,346
A084,2016-05-02,03:08:30,307,19,327
A084,2016-05-03,07:37:30,238,14,252
A084,2016-05-04,05:15:30,351,10,367
A084,2016-05-06,04:58:30,206,1,208
A084,2016-05-07,02:17:30,501,46,547
A084,2016-05-11,08:52:30,140,3,143
A084,2016-05-13,05:28:30,403,19,422
A084,2016-05-16,05:06:00,261,9,270
A084,2016-05-17,03:50:00,520,7,527
A084,2016-05-18,05:13:00,388,16,410
A092,2016-04-01,05:41:30,239,36,275
A092,2016-04-02,00:47:00,442,3,445
A092,2016-04-03,00:06:30,405,28,433
A092,2016-04-04,00:41:30,439,6,445
A092,2016-04-05,00:41:30,415,18,433
A092,2016-04-06,00:04:00,361,21,388
A092,2016-04-07,00:50:30,369,12,382
A092,2016-04-10,01:45:00,367,5,372
A092,2016-04-11,01:36:00,360,10,383
A092,2016-04-12,01:27:30,353,18,371
A092,2016-04-13,02:14:30,221,31,253
A092,2016-04-14,03:42:30,89,8,97
A092,2016-04-15,01:55:00,457,8,467
A092,2016-04-16,00:58:30,516,44,561
A092,2016-04-17,00:36:30,581,30,611
A092,2016-04-18,01:47:30,199,17,217
A092,2016-04-19,01:00:00,379,13,393
A092,2016-04-20,21:47:30,439,5,444
A092,2016-04-24,19:43:30,64,6,70
A092,2016-04-25,01:50:00,355,6,361
A092,2016-04-26,02:09:30,313,4,317
A092,2016-04-27,01:59:30,218,42,260
A092,2016-04-28,00:51:00,361,15,376
A092,2016-04-29,01:19:30,468,19,487
A092,2016-04-30,02:13:00,530,17,551
A092,2016-05-01,05:00:30,324,12,336
A092,2016-05-02,00:52:00,491,25,516
A092,2016-05-03,02:58:30,284,8,292
A092,2016-05-04,00:14:30,409,21,434
A092,2016-05-13,01:50:30,307,17,335
A092,2016-05-15,00:25:30,423,26,452
A092,2016-05-16,23:50:00,456,23,479
A092,2016-05-17,01:37:30,309,28,340
A092,2016-05-18,01:25:30,339,17,357
A092,2016-05-19,00:24:30,409,16,430
A093,2016-04-01,02:34:30,269,31,301
A093,2016-04-02,02:38:30,214,25,241
A093,2016-04-04,02:34:00,245,32,277
A093,2016-04-05,03:12:00,302,14,316
A093,2016-04-06,04:58:30,205,9,214
A093,2016-04-07,03:01:30,346,33,383
A093,2016-04-08,01:46:00,312,30,342
A093,2016-04-09,02:53:00,442,60,502
A093,2016-04-10,01:56:00,291,19,312
A093,2016-04-11,02:55:30,242,13,255
A093,2016-04-12,04:56:00,278,14,292
A093,2016-04-13,04:03:30,282,15,297
A093,2016-04-14,03:02:00,335,41,376
A093,2016-04-15,03:00:00,307,22,330
A093,2016-04-16,03:48:00,301,19,320
A093,2016-04-17,02:30:30,470,29,500
A093,2016-04-18,02:24:00,518,38,570
A093,2016-04-19,03:05:00,303,17,320
A093,2016-04-20,03:04:30,488,38,526
A093,2016-04-21,03:31:00,319,26,345
A093,2016-04-22,03:04:30,288,23,311
A093,2016-04-23,02:42:00,587,72,659
A093,2016-04-24,04:48:00,430,22,463
A093,2016-04-25,04:42:00,154,6,160
A093,2016-04-26,03:37:30,239,12,280
A093,2016-04-27,04:09:30,234,21,255
A093,2016-04-28,13:06:00,79,7,86
A093,2016-04-29,01:37:30,536,66,602
A093,2016-04-30,14:02:00,181,11,197
A093,2016-05-01,05:06:30,474,33,507
A093,2016-05-02,01:55:30,546,56,606
A093,2016-05-03,04:26:00,308,27,335
A093,2016-05-04,04:52:00,354,28,382
A093,2016-05-05,04:07:00,349,29,378
A093,2016-05-06,03:53:00,360,33,393
A093,2016-05-07,04:30:00,336,20,358
A093,2016-05-08,04:52:30,132,3,135
A093,2016-05-09,03:22:30,274,23,298
A093,2016-05-10,04:31:30,220,8,231
A093,2016-05-11,04:02:00,547,42,590
A093,2016-05-12,02:36:30,354,45,400
A093,2016-05-13,03:52:30,416,13,431
A093,2016-05-14,01:28:30,340,18,358
A093,2016-05-15,01:32:30,328,18,354
A093,2016-05-16,01:34:00,315,25,346
A093,2016-05-18,03:03:30,361,60,421
A093,2016-05-19,07:47:30,144,9,153
A093,2016-05-20,02:42:00,409,51,460
A094,2016-04-01,11:42:30,249,24,273
A094,2016-04-02,00:41:00,466,62,528
A094,2016-04-03,04:31:00,264,16,280
A094,2016-04-04,02:05:30,431,51,482
A094,2016-04-05,08:09:00,165,21,186
A094,2016-04-06,04:11:00,303,9,312
A094,2016-04-07,02:17:00,307,16,323
A094,2016-04-08,04:33:00,438,32,470
A094,2016-04-09,03:04:00,446,42,488
A094,2016-04-10,05:09:30,385,94,479
A094,2016-04-11,05:23:00,280,14,294
A094,2016-04-12,00:02:30,143,20,163
A094,2016-04-13,08:09:30,269,11,280
A094,2016-04-14,09:41:00,142,24,166
A094,2016-04-15,03:51:00,242,30,272
A094,2016-04-16,02:56:30,179,16,203
A094,2016-04-17,02:37:30,327,13,340
A094,2016-04-18,03:06:30,143,21,164
A094,2016-04-19,05:56:30,367,34,401
A094,2016-04-20,02:54:00,58,4,62
A094,2016-04-21,03:26:00,319,19,340
A094,2016-04-22,08:23:30,138,27,166
A094,2016-04-24,01:02:00,582,81,663
A094,2016-04-25,03:29:30,334,25,363
A094,2016-04-26,02:26:00,479,89,575
A094,2016-04-27,02:55:00,271,48,319
A094,2016-04-28,03:01:30,397,67,464
A094,2016-04-29,03:54:30,278,38,316
A094,2016-04-30,04:10:00,596,45,641
A094,2016-05-01,03:53:30,438,41,480
A094,2016-05-02,03:14:30,258,24,282
A094,2016-05-03,02:28:30,499,36,542
A094,2016-05-04,06:40:00,76,30,106
A094,2016-05-06,03:09:30,444,26,471
A094,2016-05-07,04:39:30,406,37,443
A094,2016-05-09,02:20:30,303,17,320
A094,2016-05-10,02:38:00,434,71,505
A094,2016-05-11,02:36:30,365,44,410
A094,2016-05-12,03:03:00,131,5,136
A094,2016-05-14,03:23:30,407,25,432
A094,2016-05-15,03:16:00,438,45,483
A094,2016-05-16,16:08:30,96,17,116
A094,2016-05-18,04:06:30,315,32,347
A094,2016-05-19,02:35:30,659,51,710
A096,2016-04-04,14:41:30,150,7,157
A096,2016-04-06,01:59:00,389,16,405
A096,2016-04-08,00:21:00,437,13,450
A096,2016-04-09,07:26:00,372,24,396
A096,2016-04-10,23:12:00,581,41,623
A096,2016-04-14,05:01:00,255,19,274
A096,2016-04-16,04:07:00,497,20,517
A096,2016-04-17,08:16:00,420,18,438
A096,2016-04-18,06:39:00,377,19,396
A096,2016-04-19,10:06:00,61,8,69
A096,2016-04-20,03:27:00,502,43,545
A096,2016-04-21,07:55:00,235,24,262
A096,2016-04-22,03:49:30,392,61,464
A096,2016-04-23,15:19:00,254,42,299
A096,2016-04-26,04:52:00,584,70,654
A096,2016-04-27,14:10:00,119,12,131
A096,2016-04-28,03:56:00,461,48,509
A096,2016-04-29,13:30:00,275,19,294
A096,2016-05-01,21:13:00,279,17,296
A096,2016-05-05,06:14:00,609,35,650
A096,2016-05-06,06:16:00,322,8,330
A096,2016-05-07,00:36:00,225,23,248
A096,2016-05-08,01:48:00,367,26,393
A096,2016-05-09,03:20:00,57,8,65
A096,2016-05-10,12:15:30,58,3,61
A096,2016-05-17,20:52:00,349,11,360
A096,2016-05-18,07:53:00,225,18,243
A097,2016-04-01,03:53:00,504,12,516
A097,2016-04-02,02:30:00,380,11,391
A097,2016-04-03,03:31:00,281,12,293
A097,2016-04-05,02:19:00,513,11,524
A097,2016-04-07,02:58:00,359,3,362
A097,2016-04-08,02:33:00,412,12,424
A097,2016-04-10,02:33:00,561,29,590
A097,2016-04-14,00:49:00,163,118,295
A097,2016-04-15,01:37:00,308,257,573
A097,2016-04-17,02:57:00,151,86,263
A097,2016-04-18,02:21:00,289,183,500
A097,2016-04-19,00:38:00,319,276,595
A097,2016-04-20,03:38:00,154,109,263
A097,2016-04-21,01:00:30,423,112,542
A097,2016-04-22,01:41:00,259,337,596
A097,2016-04-24,02:38:00,155,103,278
A097,2016-04-25,01:41:30,363,188,559
A097,2016-04-26,00:37:00,300,174,494
A097,2016-05-02,01:04:30,289,292,588
A097,2016-05-03,01:08:00,291,237,575
A097,2016-05-06,01:20:30,250,196,446
A097,2016-05-07,00:53:00,284,226,519
A097,2016-05-09,02:14:00,248,225,499
A097,2016-05-11,23:53:00,240,89,384
A097,2016-05-12,01:21:00,204,224,428
A097,2016-05-13,01:44:00,275,178,463
A097,2016-05-16,01:09:00,259,263,560
A097,2016-05-18,01:10:30,198,182,451
A097,2016-05-20,01:12:00,265,127,548
A098,2016-04-10,03:52:00,434,16,450
A098,2016-05-18,18:02:00,244,2,249
